id,name,destination_id,area_id,sub_area,resort_id,venue_kind,service_type,dining_style,cuisine,price_tier,reservations_recommended,is_character_dinner_dining,is_character_breakfast_dining,is_signature,status,lat,lng,dinner_menu_url,lunch_menu_url,breakfast_menu_url,snack_menu_url,lounge_menu_url,description,tags,keywords,verified_on,source_url
1900-park-fare,1900 Park Fare,wdw,mk-resort-area,,grand-floridian-resort-and-spa,restaurant,table,buffet,american,3,TRUE,TRUE,TRUE,FALSE,open,28.410364,-81.588701,https://disneyworld.disney.go.com/dining/grand-floridian-resort-and-spa/1900-park-fare/menus/dinner/,,https://disneyworld.disney.go.com/dining/grand-floridian-resort-and-spa/1900-park-fare/menus/breakfast/,,,"Whimsical, carousel-themed buffet where guests can dine alongside beloved characters like Aladdin, Mirabel, and Cinderella.",breakfast|character-dining,alcohol|grand-floridian,2026-09-23,
aloha-isle,Aloha Isle,wdw,magic-kingdom,adventureland,,snack,snack,a-la-carte,american,1,FALSE,FALSE,FALSE,FALSE,open,28.4186,-81.583672,,,,https://disneyworld.disney.go.com/dining/magic-kingdom/aloha-isle/menus/snack/,,"Snack kiosk famous for serving the iconic, refreshing pineapple DOLE Whip® soft-serve and tropical floats.",,snacks|adventureland|magic-kingdom|dole-whip,2026-09-23,
astrofizz,Astrofizz,wdw,magic-kingdom,fantasyland,,snack,snack,a-la-carte,american,1,FALSE,FALSE,FALSE,FALSE,open,28.4182,-81.5815,,,,https://disneyworld.disney.go.com/dining/magic-kingdom/astrofizz/menus/snack/,,"Retro-futuristic, walk-up snack kiosk that serves up quick, refreshing frozen slushies, classic popcorn, and unique Cherry Cola Churros.",,snacks|tomorrowland|magic-kingdom|popcorn,2026-09-23,
akershus-royal-banquet-hall,Akershus Royal Banquet Hall,wdw,epcot,norway,,restaurant,table,family-style|prix-fixe,American|Norwegian,4,TRUE,TRUE,TRUE,FALSE,open,28.37069027,-81.54674387,https://disneyworld.disney.go.com/dining/epcot/akershus-royal-banquet-hall/menus/dinner/,https://disneyworld.disney.go.com/dining/epcot/akershus-royal-banquet-hall/menus/lunch/,https://disneyworld.disney.go.com/dining/epcot/akershus-royal-banquet-hall/menus/breakfast/,,,Popular character dining experience inside a medieval castle-themed setting at the Norway Pavilion where guests can dine with Disney Princesses.,lunch|dinner|breakfast|character-dining|world-showcase-bar,alcohol|epcot|norway,2026-09-23,
auntie-gravitys-galactic-goodies,Auntie Gravitys Galactic Goodies,wdw,magic-kingdom,tomorrowland,,snack,snack,a-la-carte,american,1,FALSE,FALSE,FALSE,FALSE,open,28.4186,-81.5812,,,,https://disneyworld.disney.go.com/dining/magic-kingdom/auntie-gravitys-galactic-goodies/menus/snack/,,"Quick-service snack counter that serves soft-serve ice cream, floats, and milkshakes.",,snacks|tomorrowland|magic-kingdom|ice-cream,2026-09-23,
barefoot-pool-bar,Barefoot Pool Bar,wdw,mk-resort-area,,polynesian-village-resort,kiosk,quick,a-la-carte,american,1,FALSE,FALSE,FALSE,FALSE,open,28.4072,-81.5768,,,,https://disneyworld.disney.go.com/dining/polynesian-resort/barefoot-pool-bar/menus/pool-bar/,,"Relaxed, open-air tiki spot by the lava pool that serves refreshing tropical drinks and light snacks.",,snacks|polynesian|pool-bar,2026-09-23,
be-our-guest-restaurant,Be Our Guest Restaurant,wdw,magic-kingdom,fantasyland,,restaurant,table,prix-fixe,american|french,4,TRUE,FALSE,FALSE,FALSE,open,28.4182,-81.58,https://disneyworld.disney.go.com/dining/magic-kingdom/be-our-guest-restaurant/menus/dinner/,https://disneyworld.disney.go.com/dining/magic-kingdom/be-our-guest-restaurant/menus/lunch/,,,,Immersive dining experience that transports you directly into Beast’s enchanted castle from Beauty and the Beast. Keep an eye out for the occasional visit of the Beast himself!,lunch|dinner,alcohol|fantasyland|magic-kingdom|castle,2026-09-23,
beaches-pool-bar-and-grill,Beaches Pool Bar & Grill,wdw,mk-resort-area,,grand-floridian-resort-and-spa,kiosk,quick,a-la-carte,american,2,FALSE,FALSE,FALSE,FALSE,open,28.410364,-81.588701,,https://disneyworld.disney.go.com/dining/grand-floridian-resort-and-spa/beach-pool-bar/menus/lunch/,,,,"Relaxed, open-air poolside spot serving signature cocktails and casual American-style bites right next to the beach.",lunch,alcohol|pool-bar|grand-floridian,2026-09-23,
beak-and-barrel,The Beak and Barrel,wdw,magic-kingdom,adventureland,,lounge,table,a-la-carte,lounge,2,FALSE,FALSE,FALSE,FALSE,open,28.4172,-81.5833,https://disneyworld.disney.go.com/dining/magic-kingdom/beak-barrel/menus/dinner/,https://disneyworld.disney.go.com/dining/magic-kingdom/beak-barrel/menus/lunch/,,,,"Hghly immersive, pirates themed lounge that serves themed cocktails and small bites during a lively, timed 45-minute interactive experience",,alcohol|snacks|lounge|adventureland|magic-kingdom|pirate,2026-09-23,
breakfast-at-wailulu-bar-and-grill,Breakfast at Wailulu Bar & Grill,wdw,mk-resort-area,,polynesian-villas-and-bungalows,restaurant,quick,a-la-carte,polynesian,1,FALSE,FALSE,FALSE,FALSE,open,28.405,-81.585,,,https://disneyworld.disney.go.com/dining/polynesian-resort/wailulu-breakfast/menus/breakfast/,,,"Island-inspired breakfast bites alongside Kona coffee paired with relaxing, scenic waterfront dining in the Island Tower.",breakfast,polynesian,2026-09-23,
california-grill,California Grill,wdw,mk-resort-area,,contemporary-resort,restaurant,table,prix-fixe,american|seafood|sushi,4,TRUE,FALSE,FALSE,TRUE,open,28.4153,-81.5743,https://disneyworld.disney.go.com/dining/contemporary-resort/california-grill/menus/dinner/,,,,,Premier rooftop restaurant offering seafood and steak with panoramic views of the Magic Kingdom fireworks.,dinner|signature,contemporary,2026-09-24,
capt-cooks,Capt. Cooks,wdw,mk-resort-area,,polynesian-village-resort,restaurant,quick,a-la-carte,american|seafood,1,FALSE,FALSE,FALSE,FALSE,open,28.4045,-81.5815,https://disneyworld.disney.go.com/dining/polynesian-resort/capt-cooks/menus/lunch-and-dinner/,https://disneyworld.disney.go.com/dining/polynesian-resort/capt-cooks/menus/lunch-and-dinner/,https://disneyworld.disney.go.com/dining/polynesian-resort/capt-cooks/menus/breakfast/,,,3 meal South Seas-themed eatery famous for serving up Tonga Toast and pulled pork nachos.,breakfast|lunch|dinner,alcohol|late-night|polynesian|tonga-toast,2026-09-24,
caseys-corner,Caseys Corner,wdw,magic-kingdom,main-street,,restaurant,quick,a-la-carte,american,1,FALSE,FALSE,FALSE,FALSE,open,28.4192,-81.5812,https://disneyworld.disney.go.com/dining/magic-kingdom/caseys-corner/menus/lunch-and-dinner/,https://disneyworld.disney.go.com/dining/magic-kingdom/caseys-corner/menus/lunch-and-dinner/,,,,"Popular, baseball-themed restaurant famous for its classic American hot dogs, corn dog nuggets, and lively ragtime piano music.",lunch|dinner,main-street|magic-kingdom|corn-dog,2026-09-24,
chef-mickeys,Chef Mickeys,wdw,mk-resort-area,,contemporary-resort,restaurant,table,buffet,american,3,TRUE,TRUE,TRUE,FALSE,open,28.4159,-81.5742,https://disneyworld.disney.go.com/dining/contemporary-resort/chef-mickeys/menus/dinner/,,https://disneyworld.disney.go.com/dining/contemporary-resort/chef-mickeys/menus/breakfast/,,,Buffet-style restaurant where guests can meet Mickey Mouse and friends while enjoying classic American comfort food.,breakfast|dinner|character-dining,alcohol|contemporary|mickey-mouse|minnie-mouse|goofy,2026-09-24,
cheshire-cafe,Cheshire Cafe,wdw,magic-kingdom,fantasyland,,kiosk,snack,a-la-carte,american,1,FALSE,FALSE,FALSE,FALSE,open,28.419783,-81.580058,,,,https://disneyworld.disney.go.com/dining/magic-kingdom/cheshire-cafe/menus/snack/,,"Whimsical, fairytale-inspired kiosk known for its iconic, sweet Cat Tails pastry and refreshing frozen beverages.",,snacks|fantasyland|magic-kingdom,2026-09-24,
chuck-wagon,The Chuck Wagon,wdw,mk-resort-area,,campsites-at-fort-wilderness,food-truck,snack,a-la-carte,american,1,FALSE,FALSE,FALSE,FALSE,open,28.4035,-81.5595,https://disneyworld.disney.go.com/dining/cabins-at-fort-wilderness-resort/chuck-wagon-fresh-fixins-food-truck/menus/lunch-and-dinner/,https://disneyworld.disney.go.com/dining/cabins-at-fort-wilderness-resort/chuck-wagon-fresh-fixins-food-truck/menus/lunch-and-dinner/,,,,Casual camp-themed food truck offering quick comfort bites and snacks near the campfire singalong.,,alcohol|snacks|food-truck|fort-wilderness,2026-09-24,
cinderellas-royal-table,Cinderellas Royal Table,wdw,magic-kingdom,fantasyland,,restaurant,table,prix-fixe,american,4,TRUE,TRUE,TRUE,FALSE,open,28.4195,-81.5812,https://disneyworld.disney.go.com/dining/magic-kingdom/cinderella-royal-table/menus/dinner/,https://disneyworld.disney.go.com/dining/magic-kingdom/cinderella-royal-table/menus/lunch/,https://disneyworld.disney.go.com/dining/magic-kingdom/cinderella-royal-table/menus/breakfast/,,,"Fairy-tale character dining experience located inside the castle, where guests can feast like royalty alongside Disney Princesses.",breakfast|lunch|dinner|character-dining,alcohol|magic-kingdom|castle|princess,2026-09-24,
citricos,Citricos,wdw,mk-resort-area,,grand-floridian-resort-and-spa,restaurant,table,a-la-carte,american|mediterranean,3,TRUE,FALSE,FALSE,TRUE,open,28.411444,-81.586792,https://disneyworld.disney.go.com/dining/grand-floridian-resort-and-spa/citricos/menus/dinner/,,,,,"Upscale, Mary Poppins-inspired restaurant offering elegant Mediterranean-fused Floridian cuisine.",dinner|signature,alcohol|grand-floridian,2026-09-24,
citricos-lounge,Citricos Lounge,wdw,mk-resort-area,,grand-floridian-resort-and-spa,lounge,lounge,a-la-carte,american|mediterranean,1,FALSE,FALSE,FALSE,FALSE,open,28.410364,-81.588701,,,,,https://disneyworld.disney.go.com/dining/grand-floridian-resort-and-spa/citricos-lounge/menus/bar-%E2%80%93-lounge/,"Elegant, walk-up bar where you can enjoy signature cocktails and order from the full Mediterranean-inspired dinner menu.",,lounge|grand-floridian|alcohol,2026-09-24,
columbia-harbor-house,Columbia Harbour House,wdw,magic-kingdom,liberty-square,,restaurant,quick,a-la-carte,american,1,FALSE,FALSE,FALSE,FALSE,open,28.4191,-81.5814,https://disneyworld.disney.go.com/dining/magic-kingdom/columbia-harbour-house/menus/lunch-and-dinner/,https://disneyworld.disney.go.com/dining/magic-kingdom/columbia-harbour-house/menus/lunch-and-dinner/,,,,Maritime-themed serving hearty seafood favorites like lobster rolls and fried fish.,lunch|dinner,liberty-square|magic-kingdom,2026-09-24,
contempo-cafe,Contempo Cafe,wdw,mk-resort-area,,contemporary-resort,restaurant,quick,a-la-carte,american,1,FALSE,FALSE,FALSE,FALSE,open,28.4159,-81.5742,https://disneyworld.disney.go.com/dining/contemporary-resort/contempo-cafe/menus/dinner/,https://disneyworld.disney.go.com/dining/contemporary-resort/contempo-cafe/menus/lunch/,https://disneyworld.disney.go.com/dining/contemporary-resort/contempo-cafe/menus/breakfast/,,,Lively 3-meal restaurant where guests can enjoy diverse American fare and gourmet cupcakes right beneath the passing monorail.,breakfast|lunch|dinner,alcohol|contemporary|dessert,2026-09-24,
contemporary-grounds,Contemporary Grounds,wdw,mk-resort-area,,contemporary-resort,restaurant,quick,a-la-carte,american,1,FALSE,FALSE,FALSE,FALSE,open,28.415,-81.574,,,,https://disneyworld.disney.go.com/dining/contemporary-resort/contemporary-grounds/menus/coffee-%E2%80%93-bakery/,,"Relaxed, lobby-level coffee bar that serves gourmet Joffrey’s coffee, custom latte art, and quick pastries.",,coffee|bakery|contemporary,2026-09-24,
cosmic-rays-starlight-cafe,Cosmic Rays Starlight Cafe,wdw,magic-kingdom,tomorrowland,,restaurant,quick,a-la-carte,american,1,FALSE,FALSE,FALSE,FALSE,open,28.4183,-81.5796,https://disneyworld.disney.go.com/dining/magic-kingdom/cosmic-ray-starlight-cafe/menus/lunch-and-dinner/,https://disneyworld.disney.go.com/dining/magic-kingdom/cosmic-ray-starlight-cafe/menus/lunch-and-dinner/,,,,Fast-food restaurant known for its classic American theme park fare and featuring a singing animatronic alien named Sonny Eclipse.,lunch|dinner,tomorrowland|magic-kingdom,2026-09-24,
courtyard-pool-bar,Courtyard Pool Bar,wdw,mk-resort-area,,grand-floridian-resort-and-spa,kiosk,quick,a-la-carte,american,1,FALSE,FALSE,FALSE,FALSE,open,28.4114,-81.5868,,https://disneyworld.disney.go.com/dining/grand-floridian-resort-and-spa/courtyard-pool-bar/menus/pool-bar/,,,,"Relaxed, upscale poolside spot serving specialty cocktails, beer, and light American bites next to the resort's quietest pool",,alcohol|snacks|pool-bar|grand-floridian,2026-09-24,
cove-bar,Cove Bar,wdw,mk-resort-area,,bay-lake-tower-contemporary-resort,kiosk,quick,a-la-carte,american,1,FALSE,FALSE,FALSE,FALSE,open,28.4155,-81.5745,,https://disneyworld.disney.go.com/dining/contemporary-resort/cove-bar/menus/pool-bar/,,,,Private poolside spot that serves alcoholic drinks and casual bites.,,alcohol|snacks|pool-bar|contemporary|bay-lake-tower,2026-09-24,
crocketts-tavern,Crocketts Tavern,wdw,mk-resort-area,,campsites-at-fort-wilderness,lounge,quick,a-la-carte,american,1,FALSE,FALSE,FALSE,FALSE,open,28.4066,-81.5575,,,,,https://disneyworld.disney.go.com/dining/cabins-at-fort-wilderness-resort/crockett-tavern/menus/bar-%E2%80%93-lounge/,"Rustic, frontier-inspired lounge that serves hearty American comfort food, moonshine cocktails, and drinks to-go from a convenient walk-up window.",,alcohol|lounge|campsites-at-fort-wilderness,2026-09-24,
crystal-palace,The Crystal Palace,wdw,magic-kingdom,main-street,,restaurant,table,buffet,american,4,TRUE,TRUE,TRUE,FALSE,open,28.4181,-81.582,https://disneyworld.disney.go.com/dining/magic-kingdom/crystal-palace/menus/dinner/,https://disneyworld.disney.go.com/dining/magic-kingdom/crystal-palace/menus/lunch/,https://disneyworld.disney.go.com/dining/magic-kingdom/crystal-palace/menus/breakfast/,,,"Beautiful, Victorian-style buffet where you can dine with Winnie the Pooh and friends inside a bright, sunlit glass greenhouse.",breakfast|lunch|dinner|character-dining,alcochol|buffet|main-street|magic-kingdom|winnie-the-pooh,2026-09-25,
diamond-horseshoe,The Diamond Horseshoe,wdw,magic-kingdom,liberty-square,,restaurant,table,family-style|prix-fixe,american,3,TRUE,FALSE,FALSE,FALSE,open,28.419,-81.5828,https://disneyworld.disney.go.com/dining/magic-kingdom/diamond-horseshoe/menus/dinner/,https://disneyworld.disney.go.com/dining/magic-kingdom/diamond-horseshoe/menus/lunch/,,,,"Western-themed, saloon-style restaurant that serves hearty, all-you-care-to-enjoy American feast platters.",lunch|dinner,alcohol|family-style|liberty-square|magic-kingdom|buffet,2026-09-25,
victoria-and-alberts,The Dining Room at Victoria & Alberts,wdw,mk-resort-area,,grand-floridian-resort-and-spa,restaurant,table,prix-fixe,american,4,TRUE,FALSE,FALSE,TRUE,open,28.411184,-81.587414,https://disneyworld.disney.go.com/dining/grand-floridian-resort-and-spa/victoria-and-alberts/menus/dinner/,,,,,"Disney World's ultimate ultra-luxury, Michelin-starred fine dining destination, offering an opulent multi-course culinary experience.",dinner|signature,alcohol|signature-dining|grand-floridian|michelin,2026-09-25,
enchanted-rose,Enchanted Rose,wdw,mk-resort-area,,grand-floridian-resort-and-spa,lounge,lounge,a-la-carte,american,2,FALSE,FALSE,FALSE,FALSE,open,28.4114,-81.5868,,,,,https://disneyworld.disney.go.com/dining/grand-floridian-resort-and-spa/enchanted-rose-lounge/menus/bar-%E2%80%93-lounge/,"Upscale, Beauty and the Beast-inspired cocktail lounge and gourmet small plates like truffle fries.",,lounge|alcohol|grand-floridian,2026-09-25,
energy-bytes,Energy Bytes,wdw,magic-kingdom,tomorrowland,,kiosk,snack,a-la-carte,american,1,FALSE,FALSE,FALSE,FALSE,open,28.4205,-81.5767,,,,https://disneyworld.disney.go.com/dining/magic-kingdom/energy-bytes/menus/snack/,,"Futuristic, TRON-themed snack kiosk that serves up grab-and-go refreshments and snacks.",,snacks|tomorrowland|magic-kingdom,2026-09-25,
friars-nook,The Friars Nook,wdw,magic-kingdom,fantasyland,,kiosk,quick,a-la-carte,american,1,FALSE,FALSE,FALSE,FALSE,open,28.4192,-81.581,https://disneyworld.disney.go.com/dining/magic-kingdom/friars-nook/menus/lunch-and-dinner/,https://disneyworld.disney.go.com/dining/magic-kingdom/friars-nook/menus/lunch-and-dinner/,https://disneyworld.disney.go.com/dining/magic-kingdom/friars-nook/menus/breakfast/,,,A Robin Hood-themed kiosk that serves comforting favorites like loaded tater tots and mac and cheese.,breakfast|lunch|dinner,fantasyland|magic-kingdom,2026-09-25,
gasparilla-island-grill,Gasparilla Island Grill,wdw,mk-resort-area,,grand-floridian-resort-and-spa,restaurant,quick,a-la-carte,american,1,FALSE,FALSE,FALSE,FALSE,open,28.4118,-81.5876,https://disneyworld.disney.go.com/dining/grand-floridian-resort-and-spa/gasparilla-island-grill/menus/dinner/,https://disneyworld.disney.go.com/dining/grand-floridian-resort-and-spa/gasparilla-island-grill/menus/lunch/,https://disneyworld.disney.go.com/dining/grand-floridian-resort-and-spa/gasparilla-island-grill/menus/breakfast/,https://disneyworld.disney.go.com/dining/grand-floridian-resort-and-spa/gasparilla-island-grill/menus/snack/,,"This 3 meal restaurant serves classic American casual food, specialty coffee, and house-made pastries alongside an outdoor patio overlooking the marina.",breakfast|lunch|dinner,alcohol|grand-floridian,2026-09-25,
gastons-tavern,Gastons Tavern,wdw,magic-kingdom,fantasyland,,restaurant,snack,a-la-carte,american,1,FALSE,FALSE,FALSE,FALSE,open,28.42045,-81.5803,,,,https://disneyworld.disney.go.com/dining/magic-kingdom/gastons-tavern/menus/snack/,,"Rustic, French-style snack bar themed after the villain from Beauty and the Beast and famous for its massive, warm cinnamon rolls.",,snacks|fantasyland|magic-kingdom,2026-09-25,
geysey-point-bar-and-grill,Geyser Point Bar & Grill,wdw,mk-resort-area,,wilderness-lodge,restaurant,quick,a-la-carte,american,1,FALSE,FALSE,FALSE,FALSE,open,28.4094,-81.5726,https://disneyworld.disney.go.com/dining/wilderness-lodge-resort/geyser-point/menus/pool-bar-and-grill/,https://disneyworld.disney.go.com/dining/wilderness-lodge-resort/geyser-point/menus/pool-bar-and-grill/,,,,"Relaxed, open-air waterfront restaurant offering scenic views of Bay Lake whlie serving burgers, sandwiches, salads, and cocktails.",lunch|dinner,alcochol|wilderness-lodge,2026-09-25,
golden-oak-outpost,Golden Oak Outpost,wdw,magic-kingdom,frontierland,,kiosk,snack,a-la-carte,american,1,FALSE,FALSE,FALSE,FALSE,open,28.4182,-81.5835,https://disneyworld.disney.go.com/dining/magic-kingdom/golden-oak-outpost/menus/lunch-and-dinner/,https://disneyworld.disney.go.com/dining/magic-kingdom/golden-oak-outpost/menus/lunch-and-dinner/,https://disneyworld.disney.go.com/dining/magic-kingdom/golden-oak-outpost/menus/breakfast/,,,"Old West-themed kiosk that serves fast comfort foods like hot honey chicken, fries, and beignets.",,snacks|frontierland|magic-kingdom|beignet,2026-09-25,
grand-floridian-cafe,Grand Floridian Cafe,wdw,mk-resort-area,,grand-floridian-resort-and-spa,restaurant,table,a-la-carte,american,2,TRUE,FALSE,FALSE,FALSE,open,28.411444,-81.586792,https://disneyworld.disney.go.com/dining/grand-floridian-resort-and-spa/grand-floridian-cafe/menus/dinner/,https://disneyworld.disney.go.com/dining/grand-floridian-resort-and-spa/grand-floridian-cafe/menus/dinner/,https://disneyworld.disney.go.com/dining/grand-floridian-resort-and-spa/grand-floridian-cafe/menus/dinner/,,,"Charming, relaxed restaurant offering classic American comfort food with an elegant, airy Victorian backdrop.",breakfast|lunch|dinner,alcohol|brunch|grand-floridian,2026-09-25,
hoop-dee-doo-musical-revue,Hoop-Dee-Doo Musical Revue,wdw,mk-resort-area,,campsites-at-fort-wilderness,restaurant,table,family-style|prix-fixe,american,4,TRUE,FALSE,FALSE,FALSE,open,28.411547,-81.5617526,https://disneyworld.disney.go.com/dining/campsites-at-fort-wilderness-resort/pioneer-hall/menus/dinner/,,,,,"High-energy, all-you-care-to-enjoy pioneer feast and wild West comedy show and musical.",dinner,alcochol|musical|show|fort-wilderness,2026-09-25,
jungle-navigation-skipper-canteen,Jungle Navigation Co LTD Skipper Canteen,wdw,magic-kingdom,adventureland,,restaurant,table,a-la-carte,african|asian|latin,2,TRUE,FALSE,FALSE,FALSE,open,28.418,-81.5815,https://disneyworld.disney.go.com/dining/magic-kingdom/jungle-navigation-skipper-canteen/menus/dinner/,https://disneyworld.disney.go.com/dining/magic-kingdom/jungle-navigation-skipper-canteen/menus/lunch/,,,,"Lively eatery featuring flavorful, Asian and African-inspired dishes served with a side of the Jungle Cruise's signature cheesy, pun-filled humor.",lunch|dinner,african|asian|latin|adventureland|magic-kingdom,2026-09-25,
kona-cafe,Kona Cafe,wdw,mk-resort-area,,polynesian-village-resort,restaurant,table,a-la-carte,american|seafood|asian,2,TRUE,FALSE,FALSE,FALSE,open,28.405528,-81.584772,https://disneyworld.disney.go.com/dining/polynesian-resort/kona-cafe/menus/dinner/,https://disneyworld.disney.go.com/dining/polynesian-resort/kona-cafe/menus/lunch/,https://disneyworld.disney.go.com/dining/polynesian-resort/kona-cafe/menus/breakfast/,,,"Casual, tropical-themed restaurant known for its famous Tonga Toast and Asian-American fusion dishes.",breakfast|lunch|dinner,polynesian|tonga-toast|sushi|asian|alcohol,2026-09-25,
kona-island,Kona Island,wdw,mk-resort-area,,polynesian-village-resort,kiosk,quick,a-la-carte,american|asian,1,FALSE,FALSE,FALSE,FALSE,open,28.40546,-81.58568,https://disneyworld.disney.go.com/dining/polynesian-resort/kona-island/menus/dinner/,https://disneyworld.disney.go.com/dining/polynesian-resort/kona-island/menus/lunch/,https://disneyworld.disney.go.com/dining/polynesian-resort/kona-island/menus/breakfast/,,,"Casual counter serving morning coffee and pastries, followed by fresh sushi and snacks later in the day.",,coffee|bakery|polynesian|sushi,2026-09-25,
liberty-square-market,Liberty Square Market,wdw,magic-kingdom,liberty-square,,kiosk,snack,a-la-carte,american,1,FALSE,FALSE,FALSE,FALSE,open,28.4187,-81.5812,,,,https://disneyworld.disney.go.com/dining/magic-kingdom/liberty-square-market/menus/snack/,,"Open-air kiosk that offers grab-and-go snacks, fresh fruit, drinks, and classic park treats like hot dogs and turkey legs.",,snacks|liberty-square|magic-kingdom|turkey-leg|fruit,2026-09-25,
liberty-tree-tavern,Liberty Tree Tavern,wdw,magic-kingdom,liberty-square,,restaurant,table,family-style|prix-fixe,american,3,TRUE,FALSE,FALSE,FALSE,open,28.419028,-81.582573,https://disneyworld.disney.go.com/dining/magic-kingdom/liberty-tree-tavern/menus/dinner/,https://disneyworld.disney.go.com/dining/magic-kingdom/liberty-tree-tavern/menus/lunch/,,,,"Cozy, 18th-century colonial-themed restaurant that serves an all-you-care-to-enjoy, traditional Thanksgiving-style feast year-round.",lunch|dinner,liberty-square|magic-kingdom,2026-09-26,
lunching-pad,The Lunching Pad,wdw,magic-kingdom,tomorrowland,,kiosk,quick,a-la-carte,american,1,FALSE,FALSE,FALSE,FALSE,open,28.4194,-81.5812,https://disneyworld.disney.go.com/dining/magic-kingdom/lunching-pad/menus/lunch-and-dinner/,https://disneyworld.disney.go.com/dining/magic-kingdom/lunching-pad/menus/lunch-and-dinner/,https://disneyworld.disney.go.com/dining/magic-kingdom/lunching-pad/menus/breakfast/,,,"Open-air kiosk in the middle of Tomorrowland known for serving specialty hot dogs, pretzels, and frozen slushies.",breakfast|lunch|dinner,tomorrowland|magic-kingdom,2026-09-26,
main-street-bakery,Main Street Bakery,wdw,magic-kingdom,main-street,,snack,snack,a-la-carte,american,1,FALSE,FALSE,FALSE,FALSE,open,28.4177,-81.5812,,,,https://disneyworld.disney.go.com/dining/magic-kingdom/main-street-bakery/menus/coffee-%E2%80%93-bakery/,,"Charming, turn-of-the-century Starbucks location, serving up classic espresso drinks alongside signature Disney treats like the iconic Mickey-shaped cinnamon roll.",breakfast,coffee|cinnamon-roll|main-street|magic-kingdom|starbucks,2026-09-26,
meadow-snack-bar,Meadow Snack Bar,wdw,mk-resort-area,,campsites-at-fort-wilderness,kiosk,quick,a-la-carte,american,1,FALSE,FALSE,FALSE,FALSE,open,28.4093,-81.5518,,,,https://disneyworld.disney.go.com/dining/cabins-at-fort-wilderness-resort/meadow-snack-bar/menus/pool-bar/,,"Open-air kiosk located poolside offering American favorites like sandwiches, salads, refreshing frozen treats, and alcoholic drinks.",lunch|dinner,alcochol|snacks|campsites-at-fort-wilderness,2026-09-26,
narcoossees,Narcoossees,wdw,mk-resort-area,,grand-floridian-resort-and-spa,restaurant,table,a-la-carte,american|seafood,3,TRUE,FALSE,FALSE,TRUE,open,28.4093,-81.5518,https://disneyworld.disney.go.com/dining/grand-floridian-resort-and-spa/narcoossees/menus/dinner/,,,,,"Upscale, waterfront signature restaurant offering panoramic lagoon views, premium seafood, and steaks.",dinner|signature,grand-floridian|alcohol|seafood|signature-dining,2026-09-26,
oasis-bar-and-grill,Oasis Bar and Grill,wdw,mk-resort-area,,polynesian-village-resort,kiosk,quick,a-la-carte,american,1,FALSE,FALSE,FALSE,FALSE,open,28.4055,-81.5852,,,,https://disneyworld.disney.go.com/dining/polynesian-resort/oasis-bar-grill/menus/pool-bar-and-grill/,,"Relaxing, Polynesian-themed poolside quick-service spot serving  wings, salads, sandwiches, and cocktails.",lunch,alcohol|snacks|pool-bar|polynesian,2026-09-26,
ohana,Ohana,wdw,mk-resort-area,,polynesian-village-resort,restaurant,table,family-style|prix-fixe,american|polynesian,4,TRUE,FALSE,TRUE,FALSE,open,28.4056962,-81.5853538,https://disneyworld.disney.go.com/dining/polynesian-resort/ohana/menus/dinner/,,https://disneyworld.disney.go.com/dining/polynesian-resort/ohana/menus/breakfast/,,,"Popular, all-you-care-to-enjoy Polynesian restaurant known for its lively family-style feasts, iconic noodles, and tropical character breakfasts featuring Lilo and Stitch.",breakfast|dinner|character-dining,alcohol|family-style|polynesian,2026-09-26,
outer-rim,Outer Rim,wdw,mk-resort-area,,contemporary-resort,lounge,lounge,a-la-carte,american,1,FALSE,FALSE,FALSE,FALSE,open,28.4159,-81.5742,,,,,https://disneyworld.disney.go.com/dining/contemporary-resort/outer-rim/menus/bar-%E2%80%93-lounge/,Casual fourth-floor cocktail lounge offering specialty drinks and scenic views of Bay Lake.,,lounge|alcohol|contemporary|bar,2026-09-26,
pecos-bill-tall-tale-inn-and-cafe,Pecos Bill Tall Tale Inn and Cafe,wdw,magic-kingdom,frontierland,,restaurant,quick,a-la-carte,mexican,1,FALSE,FALSE,FALSE,FALSE,open,28.41889,-81.5844,https://disneyworld.disney.go.com/dining/magic-kingdom/pecos-bill-tall-tale-inn-and-cafe/menus/lunch-and-dinner/,https://disneyworld.disney.go.com/dining/magic-kingdom/pecos-bill-tall-tale-inn-and-cafe/menus/lunch-and-dinner/,,,,"Energetic, Old West-themed Mexican restaurant known for its hearty tacos, fajitas, and bowls.",lunch|dinner,mexican|frontierland|magic-kingdom,2026-09-26,
the-perch,The Perch at Disneys Grand Floridian Resort and Spa,wdw,mk-resort-area,,grand-floridian-resort-and-spa,lounge,table,a-la-carte,american,2,FALSE,FALSE,FALSE,FALSE,open,28.410364,-81.588701,,,,,https://disneyworld.disney.go.com/dining/grand-floridian-resort-and-spa/the-perch/menus/lounge/,"Elegant, Victorian-inspired lobby bar that serves signature cocktails and champagne in a beautifully crafted space inspired by the lobby's iconic historic birdcage.",,lounge|alcohol|grand-floridian,2026-09-26,
pineapple-lanai,Pineapple Lanai,wdw,mk-resort-area,,polynesian-village-resort,kiosk,snack,a-la-carte,american,1,FALSE,FALSE,FALSE,FALSE,open,28.4055,-81.5852,,,,https://disneyworld.disney.go.com/dining/polynesian-resort/pineapple-lanai/menus/snack/,,"Popular walk-up counter famous for serving iconic, refreshing Dole Whip treats.",,dessert|snacks|dole-whip|polynesian,2026-09-26,
pinocchio-village-haus,Pinocchio Village Haus,wdw,magic-kingdom,fantasyland,,restaurant,quick,a-la-carte,american,1,FALSE,FALSE,FALSE,FALSE,open,28.42041,-81.58143,https://disneyworld.disney.go.com/dining/magic-kingdom/pinocchio-village-haus/menus/lunch-and-dinner/,https://disneyworld.disney.go.com/dining/magic-kingdom/pinocchio-village-haus/menus/lunch-and-dinner/,,,,Bavarian-esque restaurant that serves pizza and Italian-inspired bites that overlooks Its A Small World ride.,lunch|dinner,fantasyland|magic-kingdom,2026-09-26,
plaza-ice-cream-parlor,Plaza Ice Cream Parlor,wdw,magic-kingdom,main-street,,snack,snack,a-la-carte,american,1,FALSE,FALSE,FALSE,FALSE,open,28.4179,-81.5811,,,,https://disneyworld.disney.go.com/dining/magic-kingdom/plaza-ice-cream-parlor/menus/snack/,,"Charming, old-fashioned shop serving hand-scooped ice cream, sundaes, and waffle cones.",,snacks|ice-cream|main-street|magic-kingdom,2026-09-26,
plaza-restaurant,The Plaza Restaurant,wdw,magic-kingdom,main-street,,restaurant,table,a-la-carte,american,2,TRUE,FALSE,FALSE,FALSE,open,28.4194,-81.5812,https://disneyworld.disney.go.com/dining/magic-kingdom/plaza-restaurant/menus/dinner/,https://disneyworld.disney.go.com/dining/magic-kingdom/plaza-restaurant/menus/lunch/,,,,"Enchanting, turn-of-the-century parlor offering casual American comfort food and massive ice cream sundaes with a view of Cinderella Castle.",lunch|dinner,alcohol|main-street|magic-kingdom,2026-09-26,
prince-erics-village-market,Prince Erics Village Market,wdw,magic-kingdom,fantasyland,,kiosk,snack,a-la-carte,american,1,FALSE,FALSE,FALSE,FALSE,open,28.4194,-81.5812,,,,https://disneyworld.disney.go.com/dining/magic-kingdom/prince-eric-village-market/menus/snack/,,"Outdoor snack kiosk offering quick bites like turkey legs, pretzels, fruit, and frozen slushes.",,snacks|fantasyland|magic-kingdom|turkey-leg,2026-09-26,
roaring-fork,Roaring Fork,wdw,mk-resort-area,,wilderness-lodge,restaurant,quick,a-la-carte,american,1,FALSE,FALSE,FALSE,FALSE,open,28.4090888,-81.5730225,https://disneyworld.disney.go.com/dining/wilderness-lodge-resort/roaring-fork/menus/dinner/,https://disneyworld.disney.go.com/dining/wilderness-lodge-resort/roaring-fork/menus/lunch/,https://disneyworld.disney.go.com/dining/wilderness-lodge-resort/roaring-fork/menus/breakfast/,,,"Rustic, counter-service eatery that serves up American comfort food, house-smoked barbecue, and specialty bakery treats in a cozy, Pacific Northwest-inspired setting.",breakfast|lunch|dinner,alcohol|bakery|desserts|wilderness-lodge,2026-09-26,
sand-bar,The Sand Bar,wdw,mk-resort-area,,contemporary-resort,kiosk,quick,a-la-carte,american,1,FALSE,FALSE,FALSE,FALSE,open,28.4159,-81.5742,,,,https://disneyworld.disney.go.com/dining/contemporary-resort/sand-bar/menus/pool-bar/,,"Poolside counter and bar with a menu of American fare, frozen treats, and tropical cocktails alongside scenic views of Bay Lake.",lunch,snacks|alcohol|pool-bar|contemporary,2026-09-26,
celebration-at-the-top-sip-savor-sparkle,"Celebration at the Top -  Sip, Savor, Sparkle",wdw,mk-resort-area,,contemporary-resort,event,table,,american,4,TRUE,FALSE,FALSE,FALSE,open,28.41548467,-81.57429844,,,,,https://disneyworld.disney.go.com/dining/contemporary-resort/california-grill,"An evening cocktail reception on the top floor of Disney's Contemporary Resort, serving sushi, small plates from the California Grill kitchen, desserts, and an open bar for guests 21 and over. The lights dim for the Magic Kingdom fireworks viewed from the observation deck, with a dessert and coffee course afterward.",,lounge|events|alcohol|fireworks|rooftop|dessert,2026-09-26,
chefs-table-at-victoria-and-alberts,Chef's Table at Victoria and Alberts,wdw,mk-resort-area,,grand-floridian-resort-and-spa,event,table,prix-fixe,american,4,TRUE,FALSE,FALSE,FALSE,open,28.41152684,-81.58760193,https://disneyworld.disney.go.com/dining/grand-floridian-resort-and-spa/victoria-and-alberts/menus/,,,,,"Enjoy an exclusive chef’s-table experience at Victoria & Albert’s, featuring a seasonal tasting menu prepared right before you by the culinary team. Over approximately four hours, guests can experience an immersive progression of flavors, aromas, and expertly selected wine or zero-proof pairings.",dinner,exclusive|events|michelin|wine|alcohol|grand-floridian|american,2026-09-26,
diamond-horseshoe-limited-time-offering,The Diamond Horseshoe - Limited Time Offering,wdw,magic-kingdom,liberty-square,,event,lounge,,american,2,TRUE,FALSE,FALSE,FALSE,seasonal,28.41915272,-81.58284773,,,,,,"Step into a rustic Old West–inspired music hall and unwind with a selection of shareable bites, creative cocktails, and refreshing nonalcoholic drinks.",,seasonal|event|magic-kingdom|liberty-square|american|lounge|old-west|alcohol|snacks,2026-09-26,
not-so-spooky-spectacular-dessert-party-tomorrowland,Disney's Not-So-Spooky Spectacular Dessert Party - Tomorrowland,wdw,magic-kingdom,tomorrowland,,event,table,buffet,dessert,4,TRUE,FALSE,FALSE,FALSE,seasonal,28.41812762,-81.58056389,,,,,,All-you-care-to-enjoy Halloween-themed buffet and a reserved seated view of the Magic Kingdom fireworks during Mickey's Not-So-Scary Halloween Party.,,halloween|seasonal|events|alcohol|dessert|buffet|reservations|magic-kingdom|tomorrowland,2026-09-26,
not-so-spooky-spectacular-dessert-party-plaza-garden-viewing,Disney's Not-So-Spooky Spectacular Dessert Party with Plaza Garden Viewing,wdw,magic-kingdom,tomorrowland,,event,table,buffet,dessert,4,TRUE,FALSE,FALSE,FALSE,seasonal,28.41812762,-81.58056389,,,,,,All-you-care-to-enjoy Halloween-themed buffet and a reserved seated view of the Magic Kingdom fireworks during Mickey's Not-So-Scary Halloween Party.,,halloween|seasonal|events|alcohol|dessert|buffet|reservations|magic-kingdom|tomorrowland,2026-09-26,
international-festival-of-the-arts-disney-on-broadway,EPCOT International Festival of the Arts - DISNEY ON BROADWAY  Concert Series Dining Packages,wdw,epcot,american-adventure,,event,table,,,4,TRUE,FALSE,FALSE,FALSE,seasonal,28.36854099,-81.5493919,,,,,,"Combine a meal at a participating EPCOT restaurant with a guaranteed, reserved seat for a Disney on Broadway Concert performance at the America Gardens Theatre.",dinner|world-showcase-bar,epcot|events|concert|lorcana|american-gardens-theatre|alcohol,2026-09-26,
internation-festival-of-the-holidays-candlelight-processional,EPCOT Internation Festival of the Holidays - Candlelight Processional Dining Package,wdw,epcot,american-adventure,,event,table,,,3,TRUE,FALSE,FALSE,FALSE,seasonal,28.36854099,-81.5493919,,,,,,Pairs a meal at a participating EPCOT restaurant with guaranteed reserved seating for that evening's holiday show.,dinner|world-showcase-bar,epcot|holiday|alcohol|seasonal|reservations|entree|dessert,2026-09-26,
international-food-and-wine-festival-concert-series,EPCOT Internation Food and Wine Festival Concert Series Dining Package,wdw,epcot,american-adventure,,event,table,,,3,TRUE,FALSE,FALSE,FALSE,seasonal,28.36854099,-81.5493919,,,,,,"Live musical performances by popular legacy bands, pop groups, and chart-toppers from past decades alongside local regional acts.",world-showcase-bar,epcot|alcohol|festival|seasonal|events|music|concert|entree|dessert,2026-09-26,
sleepy-hollow,Sleepy Hollow,wdw,magic-kingdom,liberty-square,,kiosk,snack,a-la-carte,american,1,FALSE,FALSE,FALSE,FALSE,open,28.4191,-81.5815,,,,https://disneyworld.disney.go.com/dining/magic-kingdom/sleepy-hollow/menus/all-day/,,"Quaint kiosk famous for its dessert waffles, funnel cakes, and coffee.",,snacks|liberty-square|magic-kingdom|coffee|dessert,2026-09-26,
fantasmic-dining-packages,Fantasmic! Dining Packages,wdw,hollywood-studios,commissary-lane,,event,table,a-la-carte,american,2,TRUE,FALSE,FALSE,FALSE,open,28.3561524,-81.55965666,https://disneyworld.disney.go.com/dining/hollywood-studios/sci-fi-dine-in-theater/menus/dinner/,https://disneyworld.disney.go.com/dining/hollywood-studios/sci-fi-dine-in-theater/menus/lunch/,,,,"Combines a meal at a participating full-service restaurant or buffet with a voucher for guaranteed, reserved seating at the nighttime Fantasmic! show",lunch|dinner,event|show|fantasmic|alcohol|reservation|hollywood-studios,2026-09-26,
steakhouse-71,Steakhouse 71,wdw,mk-resort-area,,contemporary-resort,restaurant,table,a-la-carte,american,2,TRUE,FALSE,FALSE,FALSE,open,28.4159,-81.5742,https://disneyworld.disney.go.com/dining/contemporary-resort/steakhouse-71/menus/dinner/,https://disneyworld.disney.go.com/dining/contemporary-resort/steakhouse-71/menus/lunch/,https://disneyworld.disney.go.com/dining/contemporary-resort/steakhouse-71/menus/breakfast/,,,Family-friendly restaurant that features American steakhouse fare infused with mid-century 1970s design and vintage Disney heritage.,breakfast|lunch|dinner,alcohol|contemporary,2026-09-26,
steakhouse-71-lounge,Steakhouse 71 Lounge,wdw,mk-resort-area,,contemporary-resort,lounge,lounge,a-la-carte,american,2,FALSE,FALSE,FALSE,FALSE,open,28.415948,-81.574233,,,,,https://disneyworld.disney.go.com/dining/contemporary-resort/steakhouse-71-lounge/menus/bar-%E2%80%93-lounge/,"Sleek, walk-up friendly lounge offering 1970s-inspired cocktails and elevated comfort bites in a retro mid-century setting.",lunch|dinner,lounge|bar|alcohol|snacks|contemporary,2026-09-26,
geo-82-fireworks-experience,GEO-82 Fireworks Experience,wdw,epcot,world-celebration,,event,lounge,,,2,TRUE,FALSE,FALSE,FALSE,open,28.37490106,-81.54938168,https://disneyworld.disney.go.com/dining/epcot/geo-82-lounge/menus/dinner/,,,,,"A 21-and-over lounge serving cocktails and small plates, overlooking the Seven Seas Lagoon.",,lounge|events|alcohol|fireworks|scenic|adult|21+|epcot|world-celebration,2026-09-26,
story-book-dining-at-artist-point-with-snow-white,Story Book Dining at Artist Point With Snow White,wdw,mk-resort-area,,wilderness-lodge,restaurant,table,prix-fixe,american,4,TRUE,TRUE,FALSE,FALSE,open,28.40939,-81.572615,https://disneyworld.disney.go.com/dining/wilderness-lodge-resort/artist-point/menus/dinner/,,,,,"Immersive character dinner where guests enjoy an elevated, rustic three-course meal inside an enchanted forest alongside Snow White, Dopey, Grumpy, and the Evil Queen.",dinner|character-dining,alcohol|wilderness-lounge|snow-white,2026-09-26,
la-cava-experience,La Cava Experience,wdw,epcot,mexico,,event,table,,mexican,4,TRUE,FALSE,FALSE,FALSE,open,28.371383424602794,-81.54752212883535,,,,,,"A $180-per-person, hour-long guided tequila and agave spirits tasting seminar located in the Mexico Pavilion's waterfront restaurant, La Hacienda de San Angel",world-showcase-bar,epcot|events|tequila|adult|mexico|21+|alcohol,2026-09-26,
storybook-treats,Storybook Treats,wdw,magic-kingdom,fantasyland,,kiosk,snack,a-la-carte,american,1,FALSE,FALSE,FALSE,FALSE,open,28.4194,-81.5812,,,,https://disneyworld.disney.go.com/dining/magic-kingdom/storybook-treats/menus/snack/,,"Whimsical, walk-up window dishing out classic soft-serve ice cream, floats, and fairy-tale-themed desserts.",,ice-cream|dessert|fantasyland|magic-kingdom,2026-09-26,
wine-tasting-with-master-sommelier-george-miliotes,Learn How to Taste Wine with Master Sommelier George Miliotes,wdw,disney-springs,the-landing,,event,table,,,4,TRUE,FALSE,FALSE,FALSE,open,28.37157644,-81.51781209,,,,,,"A wine tasting hosted by George Miliotes, one of only a few hundred Master Sommeliers worldwide and the owner of Wine Bar George at Disney Springs.",,events|wine|disney-springs|the-landing|alcohol|adult|21+,2026-09-26,
sunshine-tree-terrace,Sunshine Tree Terrace,wdw,magic-kingdom,adventureland,,kiosk,snack,a-la-carte,american,1,FALSE,FALSE,FALSE,FALSE,open,28.4184,-81.5826,,,,https://disneyworld.disney.go.com/dining/magic-kingdom/sunshine-tree-terrace/menus/snack/,,Popular outdoor quick-service snack stop featuring refreshing DOLE Whip floats and citrus soft-serve treats.,,snacks|dole-whip|adventureland|magic-kingdom,2026-09-26,
magic-kingdon-fireworks-dessert-parties-post-party,Magic Kingdom Fireworks Dessert Parties: Post-Party,wdw,magic-kingdom,tomorrowland,,event,table,buffet,,4,TRUE,FALSE,FALSE,FALSE,open,28.41810875,-81.58052097,,,,,,"Watch the ""Happily Ever After"" fireworks show from a reserved standing area in the Plaza Garden before heading to the Tomorrowland Terrace Restaurant for an unlimited dessert buffet.",,events|magic-kingdom|tomorrowland|fireworks|dessert|party|buffet|reservations,2026-09-26,
tambu-lounge,Tambu Lounge,wdw,mk-resort-area,,polynesian-village-resort,lounge,lounge,a-la-carte,american|polynesian,2,FALSE,FALSE,FALSE,FALSE,open,28.4061,-81.5794,,,,,https://disneyworld.disney.go.com/dining/polynesian-resort/tambu-lounge/menus/bar-%E2%80%93-lounge/,"An exciting, Polynesian-themed bar known for its tropical cocktails and island-inspired appetizers.",dinner,lounge|bar|alcohol|polynesian,2026-09-26,
magic-kingdon-fireworks-dessert-parties-pre-party,Magic Kingdom Fireworks Dessert Parties: Pre-Party,wdw,magic-kingdom,tomorrowland,,event,table,buffet,,4,TRUE,FALSE,FALSE,FALSE,open,28.41810875,-81.58052097,,,,,,"An all-you-can-eat dessert buffet and drinks at Tomorrowland Terrace Restaurant before you head to a reserved standing area in the Plaza Garden for the ""Happily Ever After"" fireworks show",,events|magic-kingdom|tomorrowland|fireworks|dessert|party|buffet|reservations,2026-09-26,
magic-kingdon-fireworks-dessert-parties-seats-and-sweets,Magic Kingdom Fireworks Dessert Parties: Seats and Sweets,wdw,magic-kingdom,tomorrowland,,event,table,buffet,,4,TRUE,FALSE,FALSE,FALSE,open,28.41810875,-81.58052097,,,,,,Provides an all-you-care-to-enjoy dessert buffet and a guaranteed seated view of the Happily Ever After nighttime spectacular from the outdoor terrace of Tomorrowland Terrace Restaurant,,events|magic-kingdom|tomorrowland|fireworks|dessert|party|buffet|reservations,2026-09-26,
territory-lounge,Territory Lounge,wdw,mk-resort-area,,wilderness-lodge,lounge,lounge,a-la-carte,american,2,FALSE,FALSE,FALSE,FALSE,open,28.40939,-81.5729,,,,,https://disneyworld.disney.go.com/dining/wilderness-lodge-resort/territory-lounge/menus/bar-%E2%80%93-lounge/,"Cozy, hidden-gem bar featuring a rustic Pacific Northwest theme, craft cocktails, and comforting small plates",,lounge|bar|alcohol|wilderness-lodge,2026-09-26,
the-magic-of-new-years-eve-at-california-grill,The Magic of New Years Eve at California Grill,wdw,mk-resort-area,,contemporary-resort,event,table,,,4,TRUE,FALSE,FALSE,TRUE,seasonal,28.415948,-81.5742,,,,,,"An exclusive, upscale holiday dining event held at California Grill on the 15th floor of Disney's Contemporary Resort",signature,event|seasonal|holiday|contemporary-resort|magic-kingdom-resort|alcohol|new-years|american|exclusive,2026-09-26,
tonys-town-square,Tonys Town Square,wdw,magic-kingdom,main-street,,restaurant,table,a-la-carte,american|italian,2,TRUE,FALSE,FALSE,FALSE,open,28.4177,-81.5812,https://disneyworld.disney.go.com/dining/magic-kingdom/tonys-town-square-restaurant/menus/dinner/,https://disneyworld.disney.go.com/dining/magic-kingdom/tonys-town-square-restaurant/menus/lunch/,,,,"Casual, sit-down Italian restaurant that is themed after the classic movie Lady and the Tramp.",lunch|dinner,alcohol|main-street|magic-kingdom,2026-09-26,
minnies-wonderful-chrismastime-fireworks-dessert-party-terrace,Minnie's Wonderful Chrismastime Fireworks Dessert Party at Tomorrowland Terrace,wdw,magic-kingdom,tomorrowland,,event,table,,,4,TRUE,FALSE,FALSE,FALSE,seasonal,28.41812762,-81.58056389,,,,,,A holiday dining experience at Magic Kingdom that features an all-you-care-to-enjoy dessert buffet and reserved seated viewing for the park's Christmas fireworks show,,events|seasonal|holiday|christmas|minnie|magic-kingdom|tomorrowland|alcohol|dessert|sweets,2026-09-26,
minnies-wonderful-chrismastime-fireworks-dessert-party-plaza-garden,Minnie's Wonderful Chrismastime Fireworks Dessert Party with Plaza Garden Viewing,wdw,magic-kingdom,tomorrowland,,event,table,,,4,TRUE,FALSE,FALSE,FALSE,seasonal,28.41812762,-81.58056389,,,,,,A holiday dining experience at Magic Kingdom that features an all-you-care-to-enjoy dessert buffet and reserved seated viewing for the park's Christmas fireworks show,,events|seasonal|holiday|christmas|minnie|magic-kingdom|tomorrowland|alcohol|dessert|sweets,2026-09-26,
tortuga-tavern,Tortuga Tavern,wdw,magic-kingdom,adventureland,,kiosk,snack,a-la-carte,american,1,FALSE,FALSE,FALSE,FALSE,seasonal,28.418,-81.584,https://disneyworld.disney.go.com/dining/magic-kingdom/tortuga-tavern/menus/lunch-and-dinner/,https://disneyworld.disney.go.com/dining/magic-kingdom/tortuga-tavern/menus/lunch-and-dinner/,,,,PIrate-themed seasonal quick bites kiosk featuring a rotating menu.,,snacks|adventureland|magic-kingdom|turkey-leg,2026-09-26,
parisian-breakfast-at-chefs-de-france,Parisian Breakfast at Chefs de France,wdw,epcot,france,,event,table,buffet,french,4,TRUE,FALSE,FALSE,FALSE,open,28.36919469,-81.55265334,,,,,,"Table-service breakfast in the France pavilion, with crêpes, quiche and pastries.",breakfast,epcot|events|reservations|france|french|crepe|quiche|pastries,2026-09-26,
queen-victorias-room-at-victoria-and-alberts,Queen Victoria's Room at Victoria's and Alberts,wdw,mk-resort-area,,grand-floridian-resort-and-spa,event,table,,,4,TRUE,FALSE,FALSE,FALSE,open,28.4115174,-81.5875912,,,,,,"Queen Victoria’s Room at Victoria & Albert's is an ultra-exclusive, private dining room located inside Disney’s Grand Floridian Resort & Spa.",dinner,events|exclusive|reservations|private|grand-floridian|magic-kingdom-resort|american|alcohol,2026-09-26,
trader-sams-grog-grotto,Trader Sams Grog Grotto,wdw,mk-resort-area,,polynesian-village-resort,lounge,lounge,a-la-carte,polynesian,1,FALSE,FALSE,FALSE,FALSE,open,28.4058265,-81.5854149,,,,,https://disneyworld.disney.go.com/dining/polynesian-resort/trader-sams-grog-grotto/menus/bar-%E2%80%93-lounge/,"Iteractive tiki lounge where ordering tropical cocktails triggers chaotic special effects, playful bartender antics, and theatrical room transformations.",,lounge|bar|alochol|polynesian,2026-09-26,
rose-and-crown-fireworks-dining-package,Rose & Crown Fireworks Dining Package,wdw,epcot,united-kingdom,,event,table,,,4,TRUE,FALSE,FALSE,FALSE,open,28.37077377,-81.55166406,,,,,,Provides a prix fixe British dinner on an outdoor patio with waterfront views of the Luminous The Symphony of Us nighttime spectacular,world-showcase-bar,epcot|fireworks|alcohol|united-kingdom|british|world-showcase|events,2026-09-26,
trails-end-restaurant,Trails End Restaurant,wdw,mk-resort-area,,campsites-at-fort-wilderness,restaurant,quick,a-la-carte,american,2,FALSE,FALSE,FALSE,FALSE,open,28.4116914,-81.5618087,https://disneyworld.disney.go.com/dining/cabins-at-fort-wilderness-resort/trails-end-restaurant/menus/lunch-and-dinner/,https://disneyworld.disney.go.com/dining/cabins-at-fort-wilderness-resort/trails-end-restaurant/menus/lunch-and-dinner/,https://disneyworld.disney.go.com/dining/cabins-at-fort-wilderness-resort/trails-end-restaurant/menus/breakfast/,,,"A rustic campground eatery dishing up massive portions of house-smoked proteins, family-sized pizzas, and legendary fried chicken available morning, noon, or night.",breakfast|lunch|dinner,alcohol|fort-wilderness,2026-09-26,
rose-of-gold-afternoon-tea-at-the-cake-bake-shop,Roses of Gold Afternoon Tea at The Cake Bake Shop by Gwendolyn Rogers,wdw,epcot-resort-area,,boardwalk-inn,event,table,,,3,TRUE,FALSE,FALSE,FALSE,open,28.36813877,-81.5553633,,,,,,"Enjoy an elegant afternoon at The Cake Bake Shop with the Roses of Gold Afternoon Tea, featuring a charming tea service in a lavish and beautifully decorated setting.",lunch,epcot|epcot-resort|boardwalk|cake-bake-shop|tea|pastries,2026-09-26,
wailulu-bar-and-grill,Wailulu Bar & Grill,wdw,mk-resort-area,,polynesian-villas-and-bungalows,restaurant,quick,a-la-carte,polynesian,2,FALSE,FALSE,FALSE,FALSE,open,28.405,-81.585,https://disneyworld.disney.go.com/dining/polynesian-resort/wailulu-bar-grill/menus/dinner/,https://disneyworld.disney.go.com/dining/polynesian-resort/wailulu-bar-grill/menus/lunch/,,,,"Indoor-outdoor eatery offering South Pacific-inspired cuisine, tropical cocktails, and stunning views of the Seven Seas Lagoon and Magic Kingdom fireworks.",lunch|dinner,alcohol|polynesian,2026-09-26,
sangria-university,Sangria University,wdw,ak-resort-area,,coronado-springs-resort,event,table,,,4,TRUE,FALSE,FALSE,FALSE,open,28.36349896,-81.57149043,,,,,,"Led by professionals, explore and sample the many different fruits and flavors of sangria with the opportunity to make your own.",,events|animal-kingdom|alcohol|san-gria|21+|adult|coronado-springs-resort,2026-09-26,
whispering-canyon-cafe,Whispering Canyon Cafe,wdw,mk-resort-area,,wilderness-lodge,restaurant,table,a-la-carte,american,2,TRUE,FALSE,FALSE,FALSE,open,28.4091471,-81.5731091,https://disneyworld.disney.go.com/dining/wilderness-lodge-resort/whispering-canyon-cafe/menus/dinner/,https://disneyworld.disney.go.com/dining/wilderness-lodge-resort/whispering-canyon-cafe/menus/brunch/,https://disneyworld.disney.go.com/dining/wilderness-lodge-resort/whispering-canyon-cafe/menus/brunch/,,,"Lively, Western-themed restaurant known for its hearty, all-you-care-to-enjoy skillets and spirited, interactive servers who love playing harmless pranks on guests.",dinner,alcohol|brunch|wilderness-lodge,2026-09-26,
shiki-sai-sushi-izakaya-fireworks-dining-package,Shiki-Sai: Sushi Izakaya Fireworks Dining Package,wdw,epcot,japan,,event,table,,japanese,4,TRUE,FALSE,FALSE,FALSE,open,28.36783923,-81.55070702,,,,,,"Enjoy a feast for the senses, with a delicious sushi izakaya meal and dazzling views of the nighttime fireworks show at EPCOT",world-showcase-bar,events|epcot|fireworks|alcohol|japan|japanese|sushi,2026-09-26,
trader-sams-tiki-terrace,Trader Sams Tiki Terrace,wdw,mk-resort-area,,polynesian-village-resort,lounge,lounge,a-la-carte,american|polynesian,1,FALSE,FALSE,FALSE,FALSE,permanently-closed,28.4058265,-81.5854149,,,,,https://disneyworld.disney.go.com/dining/polynesian-resort/trader-sams-tiki-terrace/menus/bar-%E2%80%93-lounge/,"Relaxed, open-air outdoor lounge presenting tropical cocktails, live music, and the same menu as the indoor Grog Grotto without the long wait.",,lounge|bar|alochol|polynesian|sushi,2026-09-26,
50s-prime-time-cafe,50s Prime Time Cafe,wdw,hollywood-studios,echo-lake,,restaurant,table,a-la-carte,american,2,TRUE,FALSE,FALSE,FALSE,open,28.35744681,-81.55871057,https://disneyworld.disney.go.com/dining/hollywood-studios/50s-prime-time-cafe/menus/dinner/,https://disneyworld.disney.go.com/dining/hollywood-studios/50s-prime-time-cafe/menus/lunch/,,,,"Retro themed, mid-century diner where servers act like bossy family members reminding you to eat your vegetables and keep your elbows off the table.",dinner|lunch,alcohol|hollywood-studios|echo-lake,2026-09-26,
abc-commissary,ABC Commissary,wdw,hollywood-studios,commissary-lane,,restaurant,quick,a-la-carte,american|international,1,FALSE,FALSE,FALSE,FALSE,open,28.3560773,-81.5602446,https://disneyworld.disney.go.com/dining/hollywood-studios/abc-commissary/menus/lunch-and-dinner/,https://disneyworld.disney.go.com/dining/hollywood-studios/abc-commissary/menus/lunch-and-dinner/,,,,Fast-casual restaurant styled like an Art Deco movie studio cafeteria offering a diverse menu of American and international dishes surrounded by real ABC television props.,lunch|dinner,hollywood-studios|commissary-lane,2026-09-26,
anaheim-produce,Anaheim Produce,wdw,hollywood-studios,sunset-blvd,,kiosk,snack,a-la-carte,american,1,FALSE,FALSE,FALSE,FALSE,open,28.35864,-81.56041,,,,https://disneyworld.disney.go.com/dining/hollywood-studios/anaheim-produce/menus/all-day/,,"Snack kiosk that serves grab-and-go options like fresh fruit, classic Mickey pretzels, and refreshing frozen alcoholic and non-alcoholic beverages.",,alcohol|snacks|hollywood-studios|sunset-blvd,2026-09-26,
backlot-express,Backlot Express,wdw,hollywood-studios,echo-lake,,restaurant,quick,a-la-carte,american,1,FALSE,FALSE,FALSE,FALSE,open,28.3559,-81.5588,https://disneyworld.disney.go.com/dining/hollywood-studios/backlot-express/menus/lunch-and-dinner/,https://disneyworld.disney.go.com/dining/hollywood-studios/backlot-express/menus/lunch-and-dinner/,,,,"Casual, quick-service dining spot featuring a Star Wars theme and a warehouse full of movie production props.",lunch|dinner,alcohol|echo-lake|hollywood-studios,2026-09-26,
baseline-tap-house,Baseline Tap House,wdw,hollywood-studios,grand-avenue,,lounge,lounge,a-la-carte,american,1,FALSE,FALSE,FALSE,FALSE,open,28.35555,-81.5596,,,,,https://disneyworld.disney.go.com/dining/hollywood-studios/baseline-tap-house/menus/bar-%E2%80%93-lounge/,"Laid-back, industrial-themed corner pub specializing in California craft beers, wines on tap, and giant Bavarian pretzels.",,alcohol|lounge|bar|hollywood-studios|grand-avenue,2026-09-26,
catalina-eddies,Catalina Eddies,wdw,hollywood-studios,sunset-blvd,,kiosk,quick,a-la-carte,american,1,FALSE,FALSE,FALSE,FALSE,open,28.358915,-81.560278,https://disneyworld.disney.go.com/dining/hollywood-studios/catalina-eddies/menus/lunch-and-dinner/,https://disneyworld.disney.go.com/dining/hollywood-studios/catalina-eddies/menus/lunch-and-dinner/,,,,"Quick-service window that serves fast, casual Italian-American favorites like personal pizzas, salads, subs, and cocktails.",lunch|dinner,dessert|hollywood-studios|sunset-blvd|alcohol,2026-09-26,
docking-bay-7-food-and-cargo,Docking Bay 7 Food and Cargo,wdw,hollywood-studios,galaxys-edge,,restaurant,quick,a-la-carte,american,2,FALSE,FALSE,FALSE,FALSE,open,28.3575,-81.5583,https://disneyworld.disney.go.com/dining/hollywood-studios/docking-bay-7-food-and-cargo/menus/dinner/,https://disneyworld.disney.go.com/dining/hollywood-studios/docking-bay-7-food-and-cargo/menus/lunch/,https://disneyworld.disney.go.com/dining/hollywood-studios/docking-bay-7-food-and-cargo/menus/breakfast/,,,"Hghly immersive, Star Wars-themed restaurant that presents flavorful, galactic comfort food inside a working hangar bay.",breakfast|lunch|dinner,alcohol|hollywood-studios|galaxys-edge|star-wars,2026-09-26,
dockside-diner,Dockside Diner,wdw,hollywood-studios,echo-lake,,kiosk,quick,a-la-carte,american,1,FALSE,FALSE,FALSE,FALSE,open,28.357134,-81.55955,https://disneyworld.disney.go.com/dining/hollywood-studios/dockside-diner/menus/lunch-and-dinner/,https://disneyworld.disney.go.com/dining/hollywood-studios/dockside-diner/menus/lunch-and-dinner/,,,,"Open-air eatery styled like a rustic 1930s tramp steamer serving up elevated hot dogs, casual sandwiches, milkshakes, and alcoholic drinks.",lunch|dinner,alcohol|echo-lake|hollywood-studios,2026-09-26,
drop-off-pool-bar,The Drop Off Pool Bar,wdw,wide-world-of-sports,,art-of-animation-resort,kiosk,quick,a-la-carte,american,1,FALSE,FALSE,FALSE,FALSE,open,28.35,-81.548,,,,https://disneyworld.disney.go.com/dining/art-of-animation-resort/drop-off-pool-bar/menus/pool-bar/,,"Casual, Finding Nemo-themed poolside lounge dishing out refreshing cocktails, draft beer, and grab-and-go snacks.",lunch,alcohol|pool-bar|snacks|art-of-animation,2026-09-26,
epic-eats,Epic Eats,wdw,hollywood-studios,echo-lake,,kiosk,snack,a-la-carte,american,1,FALSE,FALSE,FALSE,FALSE,open,28.3565864,-81.5589124,,,,https://disneyworld.disney.go.com/dining/hollywood-studios/epic-eats/menus/all-day/,,"An Indiana Jones-themed snack kiosk known for its massive, ice-cream-topped funnel cakes.",,dessert|snacks|echo-lake|ice-cream|hollywood-studios,2026-09-26,
everything-pop-shopping-and-dining,Everything POP Shopping and Dining,wdw,sports-resort-area,,pop-century-resort,restaurant,quick,a-la-carte,american,1,FALSE,FALSE,FALSE,FALSE,open,28.3504984,-81.5428186,https://disneyworld.disney.go.com/dining/pop-century-resort/everything-pop-dining/menus/dinner/,https://disneyworld.disney.go.com/dining/pop-century-resort/everything-pop-dining/menus/lunch/,https://disneyworld.disney.go.com/dining/pop-century-resort/everything-pop-dining/menus/breakfast/,,,"Vibrant, retro-themed food court and gift shop combo that serves American comfort food across multiple generational-themed stations.",breakfast|lunch|dinner,alcohol|dessert|pop-century-resort,2026-09-26,
fairfax-fare,Fairfax Fare,wdw,hollywood-studios,sunset-blvd,,kiosk,quick,a-la-carte,american,1,FALSE,FALSE,FALSE,FALSE,open,28.3575,-81.5584,https://disneyworld.disney.go.com/dining/hollywood-studios/fairfax-fare/menus/lunch-and-dinner/,https://disneyworld.disney.go.com/dining/hollywood-studios/fairfax-fare/menus/lunch-and-dinner/,https://disneyworld.disney.go.com/dining/hollywood-studios/fairfax-fare/menus/breakfast/,,,"Quick-service eatery known for serving hearty, creative waffle bowls topped with savory mains like barbecued beef brisket or buffalo chicken.",breakfast|lunch|dinner,alcohol|sunset-blvd|hollywood-studios,2026-09-26,
hollywood-and-vine,Hollywood and Vine,wdw,hollywood-studios,echo-lake,,restaurant,table,buffet|prix-fixe,american,3,TRUE,TRUE,TRUE,FALSE,open,28.3574159,-81.5590005,https://disneyworld.disney.go.com/dining/hollywood-studios/hollywood-and-vine/menus/dinner/,https://disneyworld.disney.go.com/dining/hollywood-studios/hollywood-and-vine/menus/lunch/,https://disneyworld.disney.go.com/dining/hollywood-studios/hollywood-and-vine/menus/breakfast/,,,"Lively, Art Deco-style buffet with character dining featuring Disney Junior stars for breakfast and Minnie Mouse and friends for seasonal lunch and dinner parties.",character-dining|breakfast|lunch|dinner,buffet|hollywood-studios|echo-lake,2026-09-26,
hollywood-brown-derby,Hollywood Brown Derby,wdw,hollywood-studios,hollywood-blvd,,restaurant,table,a-la-carte,american,3,TRUE,FALSE,FALSE,TRUE,open,28.3576,-81.5603,https://disneyworld.disney.go.com/dining/hollywood-studios/hollywood-brown-derby/menus/dinner/,https://disneyworld.disney.go.com/dining/hollywood-studios/hollywood-brown-derby/menus/lunch/,,,,"Glamorous, upscale restaurant that replicates the golden age of Hollywood with its famous Cobb salad and caricature-lined walls.",lunch|dinner|signature,alcohol|signature-dining|hollywood-blvd|hollywood-studios,2026-09-26,
hollywood-brown-derby-lounge,Hollywood Brown Derby Lounge,wdw,hollywood-studios,hollywood-blvd,,lounge,lounge,a-la-carte,american,2,FALSE,FALSE,FALSE,TRUE,open,28.3576,-81.5603,,,,,https://disneyworld.disney.go.com/dining/hollywood-studios/hollywood-brown-derby-lounge/menus/bar-%E2%80%93-lounge/,"Relaxed, first-come, first-served outdoor patio dishing out signature cocktails and famous bite-sized appetizers like mini Cobb salads without needing a reservation.",lunch|dinner|signature,lounge|bar|alcohol|hollywood-blvd|hollywood-studios,2026-09-26,
hollywood-scoops,Hollywood Scoops,wdw,hollywood-studios,hollywood-blvd,,kiosk,snack,a-la-carte,american,1,FALSE,FALSE,FALSE,FALSE,open,28.3575,-81.5583,,,,https://disneyworld.disney.go.com/dining/hollywood-studios/hollywood-scoops/menus/snack/,,"Retro, walk-up window that serves classic hand-scooped ice cream, milkshakes, and decadent sundaes like the famous Mickey Brownie Sundae.",,dessert|ice-cream|sunset-blvd|hollywood-studios,2026-09-26,
ice-cold-hydraulics,Ice Cold Hydraulics,wdw,hollywood-studios,grand-avenue,,kiosk,snack,a-la-carte,american,1,FALSE,FALSE,FALSE,FALSE,open,28.3575,-81.56,,,,https://disneyworld.disney.go.com/dining/hollywood-studios/ice-cold-hydraulics/menus/all-day/,,"Quirky, automotive-themed walk-up kiosk serving Coca-Cola-infused snacks, ice cream, and spiked frozen slushies.",,alcohol|popcorn|dessert|ice-cream|grand-avenue|hollywood-studios,2026-09-26,
kat-sakas-kettle,Kat Sakas Kettle,wdw,hollywood-studios,galaxys-edge,,kiosk,snack,a-la-carte,american,1,FALSE,FALSE,FALSE,FALSE,open,28.358,-81.5592,,,,https://disneyworld.disney.go.com/dining/hollywood-studios/kat-sakas-kettle/menus/snack/,,"Immersive, snack stall known for serving unique, colorful galactic popcorn mixes and specialty cold brew coffee.",,coffee|snacks|popcorn|hollywood-studios|galaxys-edge|star-wars,2026-09-26,
landscape-of-flavors,Landscape of Flavors,wdw,wide-world-of-sports,,art-of-animation-resort,restaurant,quick,a-la-carte,american,1,FALSE,FALSE,FALSE,FALSE,open,28.35068,-81.54842,https://disneyworld.disney.go.com/dining/art-of-animation-resort/landscape-of-flavors/menus/lunch-and-dinner/,https://disneyworld.disney.go.com/dining/art-of-animation-resort/landscape-of-flavors/menus/lunch-and-dinner/,https://disneyworld.disney.go.com/dining/art-of-animation-resort/landscape-of-flavors/menus/breakfast/,,,Vibrant food court that features five distinct food stations alongside highly detailed dining rooms themed after classic Disney films,breakfast|lunch|dinner,alcohol|art-of-animation|snacks|dessert,2026-09-26,
market,Market,wdw,hollywood-studios,pixar-plaza,,kiosk,snack,a-la-carte,american,1,FALSE,FALSE,FALSE,FALSE,open,28.3566,-81.5609,,,,https://disneyworld.disney.go.com/dining/hollywood-studios/market/menus/all-day/,,"Convenient snack stand serving up classic theme park bites like Mickey pretzels, churros, and the famous chocolate-chunk Num Num Cookie alongside refreshing frozen cocktails.",,snacks|dessert|hollywood-studios|pixar-plaza|alcohol,2026-09-26,
milk-stand,Milk Stand,wdw,hollywood-studios,galaxys-edge,,kiosk,snack,a-la-carte,american,1,FALSE,FALSE,FALSE,FALSE,open,28.3543,-81.5623,,,,https://disneyworld.disney.go.com/dining/hollywood-studios/milk-stand/menus/snack/,,"Quick-service kiosk that serves iconic, frozen blue and green milk from Star Wars.",,alcohol|milk|hollywood-studios|galaxys-edge|star-wars,2026-09-26,
neighborhood-bakery,Neighborhood Bakery,wdw,hollywood-studios,pixar-plaza,,kiosk,snack,a-la-carte,american,1,FALSE,FALSE,FALSE,FALSE,open,28.3566,-81.5609,,,,https://disneyworld.disney.go.com/dining/hollywood-studios/neighborhood-bakery/menus/snack/,,Snack kiosk famous for dishes out warm Jack-Jack’s Num Num Cookies and popcorn.,,popcorn|snacks|cookie|hollywood-studios|pixar-plaza,2026-09-26,
ogas-cantina,Ogas Cantina,wdw,hollywood-studios,galaxys-edge,,lounge,lounge,a-la-carte,american,2,TRUE,FALSE,FALSE,FALSE,open,28.3575,-81.5584,https://disneyworld.disney.go.com/dining/hollywood-studios/ogas-cantina/menus/dinner/,https://disneyworld.disney.go.com/dining/hollywood-studios/ogas-cantina/menus/lunch/,https://disneyworld.disney.go.com/dining/hollywood-studios/ogas-cantina/menus/breakfast/,,,"Highly immersive, Star Wars-themed lounge known for its unique drinks, lively galactic music from DJ R-3X, and bustling space-tavern atmosphere.",,alcohol|lounge|bar|hollywood-studios|galaxys-edge|star-wars,2026-09-26,
petals-pool-bar,Petals Pool Bar,wdw,sports-resort-area,,pop-century-resort,kiosk,quick,a-la-carte,american,1,FALSE,FALSE,FALSE,FALSE,open,28.3503,-81.543,,,,https://disneyworld.disney.go.com/dining/pop-century-resort/petals-pool-bar/menus/pool-bar/,,"Groovy, 1960s-themed poolside bar located next to the Hippy Dippy Pool serving light bites and cocktails.",lunch,pool-bar|pop-century-resort|alcohol|snacks,2026-09-26,
ronto-roasters,Ronto Roasters,wdw,hollywood-studios,galaxys-edge,,kiosk,quick,a-la-carte,american,1,FALSE,FALSE,FALSE,FALSE,open,28.3575,-81.56,https://disneyworld.disney.go.com/dining/hollywood-studios/ronto-roasters/menus/lunch-and-dinner/,https://disneyworld.disney.go.com/dining/hollywood-studios/ronto-roasters/menus/breakfast/,,,,"Immersive, Star Wars-themed quick-service stall that serves up delicious, portable wrap sandwiches grilled over a repurposed podracer engine.",lunch|dinner|breakfast,alcohol|hollywood-studios|galaxys-edge|star-wars,2026-09-26,
rosies-all-american-cafe,Rosies All American Cafe,wdw,hollywood-studios,sunset-blvd,,kiosk,quick,a-la-carte,american,1,FALSE,FALSE,FALSE,FALSE,open,28.3590577,-81.5600818,https://disneyworld.disney.go.com/dining/hollywood-studios/rosies-all-american-cafe/menus/lunch-and-dinner/,https://disneyworld.disney.go.com/dining/hollywood-studios/rosies-all-american-cafe/menus/lunch-and-dinner/,,,,"1940s World War II-themed restaurant featuring classic American fast food like burgers, fries, and alcoholic beverages.",lunch|dinner,hollywood-studios|sunset-blvd|alcohol,2026-09-26,
roundup-rodeo-bbq,Roundup Rodeo BBQ,wdw,hollywood-studios,toy-story-land,,restaurant,table,family-style|prix-fixe,american|BBQ,3,TRUE,FALSE,FALSE,FALSE,open,28.3569,-81.5619,https://disneyworld.disney.go.com/dining/hollywood-studios/roundup-rodeo-bbq/menus/dinner/,https://disneyworld.disney.go.com/dining/hollywood-studios/roundup-rodeo-bbq/menus/lunch/,,,,"Energetic, family-friendly restaurant where guests ""shrink"" to the size of toys and dine on all-you-care-to-enjoy barbecue inside a colorful dining room built by Andy.",lunch|dinner,hollywood-studios|toy-story-land|alcohol,2026-09-26,
sci-fi-dine-in-theater,Sci-Fi Dine-In Theater,wdw,hollywood-studios,commissary-lane,,restaurant,table,a-la-carte,american,2,TRUE,FALSE,FALSE,FALSE,open,28.355804,-81.5597252,https://disneyworld.disney.go.com/dining/hollywood-studios/sci-fi-dine-in-theater/menus/dinner/,https://disneyworld.disney.go.com/dining/hollywood-studios/sci-fi-dine-in-theater/menus/lunch/,,,,Classic diner food and milkshakes inside vintage cars while watching old-school sci-fi movie clips under a twinkling starry ceiling.,lunch|dinner,hollywood-studios|commissary-lane|alcohol|milkshake,2026-09-26,
sunshine-day-bar,Sunshine Day Bar,wdw,hollywood-studios,sunset-blvd,,kiosk,snack,a-la-carte,american,1,FALSE,FALSE,FALSE,FALSE,open,28.3575,-81.5584,,,,https://disneyworld.disney.go.com/dining/hollywood-studios/sunshine-day-bar/menus/snack/,,Outdoor walk-up kiosk that serves refreshing specialty cocktails and draft beer.,,alcohol|sunset-blvd|hollywood-studios,2026-09-26,
trolley-car-cafe,Trolley Car Cafe,wdw,hollywood-studios,hollywood-blvd,,kiosk,quick,a-la-carte,american,1,FALSE,FALSE,FALSE,FALSE,open,28.3578,-81.5596,,,,https://disneyworld.disney.go.com/dining/hollywood-studios/trolley-car-cafe/menus/coffee-%E2%80%93-bakery/,,Charming 1920s trolley station serving Starbucks coffee alongside exclusive Disney bakery treats.,,coffee|starbucks|bakery|hollywood-blvd|hollywood-studios,2026-09-26,
tune-in-lounge,Tune-In Lounge,wdw,hollywood-studios,echo-lake,,lounge,lounge,a-la-carte,american,1,FALSE,FALSE,FALSE,FALSE,open,28.358,-81.5592,,,,,https://disneyworld.disney.go.com/dining/hollywood-studios/tune-in-lounge/menus/bar-%E2%80%93-lounge/,"Retro, 1950s-themed bar where you can enjoy classic cocktails while watching vintage TV clips in a nostalgic family living room setting.",,lounge|bar|alcohol|echo-lake|hollywood-studios,2026-09-26,
woodys-lunch-box,Woodys Lunch Box,wdw,hollywood-studios,toy-story-land,,kiosk,quick,a-la-carte,american,1,FALSE,FALSE,FALSE,FALSE,open,28.3556,-81.5621,https://disneyworld.disney.go.com/dining/hollywood-studios/woodys-lunchbox/menus/lunch-and-dinner/,https://disneyworld.disney.go.com/dining/hollywood-studios/woodys-lunchbox/menus/lunch-and-dinner/,https://disneyworld.disney.go.com/dining/hollywood-studios/woodys-lunchbox/menus/breakfast/,,,"Fun, quick-service walk-up window featuring nostalgic American comfort food like grilled cheese and totchos.",breakfast|lunch|dinner,hollywood-studios|toy-story-land|alcohol,2026-09-26,
abracadabar,AbracadaBar,wdw,epcot-resort-area,,boardwalk-inn,lounge,lounge,a-la-carte,american,2,FALSE,FALSE,FALSE,FALSE,open,28.3663,-81.5562,,,,,https://disneyworld.disney.go.com/dining/boardwalk/abracadabar/menus/lounge/,"Sophisticated, magician-themed cocktail lounge that transports guests back to a golden age of magic through vintage props, changing illusionist posters, and creatively themed ""enchanted"" libations.",,lounge|bar|alcohol|boardwalk|epcot-resort-area,2026-09-27,
ale-and-compass-lounge,Ale and Compass Lounge,wdw,epcot-resort-area,,yacht-club-resort,lounge,table,a-la-carte,american,2,FALSE,FALSE,FALSE,FALSE,open,28.3707,-81.5587,,,,,https://disneyworld.disney.go.com/dining/yacht-club-resort/ale-and-compass-lounge/menus/bar-%E2%80%93-lounge/,"Sleek, nautical-themed nook offering specialty cocktails and light bites in a cozy, relaxed setting.",,lounge|bar|alcohol|yacht-club-resort|epcot-resort-area,2026-09-27,
ale-and-compass-lounge-restaurant,Ale and Compass Lounge,wdw,epcot-resort-area,,yacht-club-resort,restaurant,table,a-la-carte,american|seafood,2,TRUE,FALSE,FALSE,FALSE,open,28.37014,-81.55879,https://disneyworld.disney.go.com/dining/yacht-club-resort/ale-and-compass/menus/dinner/,https://disneyworld.disney.go.com/dining/yacht-club-resort/ale-and-compass/menus/lunch/,https://disneyworld.disney.go.com/dining/yacht-club-resort/ale-and-compass/menus/breakfast/,,,"Relaxed, nautical-themed spot that serves New England-inspired comfort food and seafood classics in a cozy, lighthouse-like setting.",breakfast|lunch|dinner,alcohol|yacht-club-resort|epcot-resort-area|seafood,2026-09-27,
amare,Amare,wdw,epcot-resort-area,,swan-reserve,restaurant,table,a-la-carte,mediterranean,2,TRUE,FALSE,FALSE,TRUE,open,28.3644,-81.5583,https://disneyworld.disney.go.com/dining/swan-reserve/amare/menus/dinner/,https://disneyworld.disney.go.com/dining/swan-reserve/amare/menus/lunch/,https://disneyworld.disney.go.com/dining/swan-reserve/amare/menus/breakfast/,,,"Elegant, hidden gem that presents fresh Mediterranean cuisine in a bright, coastal-inspired setting.",breakfast|lunch|dinner|signature,alcohol|swan-reserve|mediterranean|epcot-resort-area|seafood,2026-09-27,
banana-cabana,Banana Cabana,wdw,epcot-resort-area,,caribbean-beach-resort,lounge,quick|table,a-la-carte,american|caribbean,2,FALSE,FALSE,FALSE,FALSE,open,28.3575,-81.5389,,,,https://disneyworld.disney.go.com/dining/caribbean-beach-resort/banana-cabana-pool-bar/menus/pool-bar-and-grill/,,"Lively, island-themed poolside bar and lounge dishing up burgers, Caribbean-inspired bites, cocktails and frozen drinks.",lunch|dinner,pool-bar|lounge|alcohol|caribbean-beach-resort|epcot-resort-area|caribbean,2026-09-27,
bar-riva,Bar Riva,wdw,epcot-resort-area,,riviera-resort,lounge,quick|table,a-la-carte,american,2,FALSE,FALSE,FALSE,FALSE,open,28.365385,-81.541804,,,,,https://disneyworld.disney.go.com/dining/riviera-resort/bar-riva/menus/pool-bar-and-grill/,Open-air Mediterranean-inspired pool bar and lounge that dishes out elevated food and drinks.,lunch|dinner,pool-bar|lounge|alcohol|mediterranean|riviera-resort|epcot-resort-area,2026-09-27,
anandapur-ice-cream,Anandapur Ice Cream Truck,wdw,animal-kingdom,asia,,food-truck,quick,snack,american,1,FALSE,FALSE,FALSE,FALSE,open,28.358883,-81.5879325,,,,https://disneyworld.disney.go.com/dining/animal-kingdom/anandapur-ice-cream-truck/menus/snack/,,Pick up a soft-serve waffle cone or a frosty float with your choice of fountain beverage,,animal-kingdom|asia|ice-cream|food-truck|snack|quick,2026-09-27,
beach-club-marketplace,Beach Club Marketplace,wdw,epcot-resort-area,,beach-club-resort,restaurant,quick,a-la-carte,american,1,FALSE,FALSE,FALSE,FALSE,open,28.3712,-81.5565,https://disneyworld.disney.go.com/dining/beach-club-resort/beach-club-marketplace/menus/dinner/,https://disneyworld.disney.go.com/dining/beach-club-resort/beach-club-marketplace/menus/lunch/,https://disneyworld.disney.go.com/dining/beach-club-resort/beach-club-marketplace/menus/breakfast/,,,Casual food spot and gift shop combination providing a variety of food and alcoholic and non-alcoholic beverages for all 3 meals.,breakfast|lunch|dinner,alcohol|beach-club-resort|epcot-resort-area,2026-09-27,
beaches-and-cream-soda-shop,Beaches and Cream Soda Shop,wdw,epcot-resort-area,,beach-club-resort,restaurant,table,a-la-carte,american,2,TRUE,FALSE,FALSE,FALSE,open,28.3712,-81.5565,https://disneyworld.disney.go.com/dining/beach-club-resort/beaches-and-cream-soda-shop/menus/dinner/,https://disneyworld.disney.go.com/dining/beach-club-resort/beaches-and-cream-soda-shop/menus/lunch/,,,,"Nostalgic, retro 1950s-style diner famous for its classic American comfort food and the iconic, massive Kitchen Sink sundae.",lunch|dinner,ice-cream|alcohol|beach-club-resort|epcot-resort-area,2026-09-27,
belle-vue-lounge,Belle Vue Lounge,wdw,epcot-resort-area,,boardwalk-inn,lounge,table,a-la-carte,american,1,FALSE,FALSE,FALSE,FALSE,open,28.3666858,-81.5557086,,,,,https://disneyworld.disney.go.com/dining/boardwalk-inn/belle-vue-lounge/menus/bar-%E2%80%93-lounge/,"Cozy, 1930s-style sitting room lounge offering morning coffee, board games, and evening cocktails.",,lounge|bar|alcohol|boardwalk|epcot-resort-area,2026-09-27,
arctic-expedition,Arctic Expeditions,wdw,blizzard-beach,,,food-truck,quick,snack,american,1,FALSE,FALSE,FALSE,FALSE,open,28.35228794,-81.57390148,,,,https://disneyworld.disney.go.com/dining/blizzard-beach/arctic-expeditions/menus/snack/,,"Snowmobile bar offering craft beer, specialty churros, roasted almonds, roasted pecans and more.",,blizzard-beach|alcohol|snacks|quick|churros|almonds,2026-09-27,
biergarten-restaurant,Biergarten Restaurant,wdw,epcot,germany,,restaurant,table,buffet|prix-fixe,german,3,TRUE,FALSE,FALSE,FALSE,open,28.368115,-81.546952,https://disneyworld.disney.go.com/dining/epcot/biergarten-restaurant/menus/dinner/,https://disneyworld.disney.go.com/dining/epcot/biergarten-restaurant/menus/lunch/,,,,"Energetic, German-themed buffet where guests enjoy traditional food, beer, and a live polka band in a festive Oktoberfest atmosphere.",lunch|dinner|world-showcase-bar,alcohol|germany|epcot|german,2026-09-27,
avalunch,Avalunch,wdw,blizzard-beach,,,kiosk,quick,snack,american,1,FALSE,FALSE,FALSE,FALSE,open,28.35239672,-81.57462503,,,,https://disneyworld.disney.go.com/dining/blizzard-beach/avalunch/menus/snack/,,"Specialty hot dogs, draft beer and soft drinks",,blizzard-beach|snack|quick|kiosk|alcohol|hot-dogs|drinks|soda,2026-09-27,
amc-disney-springs-24-dine-in-theatres,AMC Disney Springs 24 Dine-In Theatres,wdw,disney-springs,west-side,,restaurant,table,prix-fixe,american,1,TRUE,FALSE,FALSE,FALSE,open,28.37000675,-81.51966988,https://disneyworld.disney.go.com/dining/disney-springs/fork-and-screen-dine-in-theatre/menus/lunch-and-dinner/,https://disneyworld.disney.go.com/dining/disney-springs/fork-and-screen-dine-in-theatre/menus/lunch-and-dinner/,,,,Watch great movies and enjoy fresh food and beverages delivered right to your seat!,lunch|dinner,movies|restaurant|table|reservations|amc|disney-springs|alcohol,2026-09-27,
block-and-hans,Block and Hans,wdw,epcot,american-adventure,,kiosk,snack,a-la-carte,american,1,FALSE,FALSE,FALSE,FALSE,open,28.368,-81.5499,,,,https://disneyworld.disney.go.com/dining/epcot/block-hans/menus/bar-%E2%80%93-lounge/,,Snack kiosk that serves American craft beers and warm pretzel bites with cheese sauce.,world-showcase-bar|world-showcase-snack,snacks|pretzel|alcohol|epcot|world-showcase,2026-09-27,
amorettes-patisserie,Amorette's Patisserie,wdw,disney-springs,town-center,,kiosk,quick,snack,bakery,1,FALSE,FALSE,FALSE,FALSE,open,28.37108928,-81.51560356,,,,https://disneyworld.disney.go.com/dining/disney-springs/amorettes-patisserie/menus/snack/,,"An upscale, French-style boutique bakery located in the Town Center section of Disney Springs at Walt Disney World Resort.",,disney-springs|snack|mobile|quick|pastries|sweets|champagne|wine|alcohol|dessert|town-center,2026-09-27,
bb-wolf-sausage-co,B.B. Wolf's Sausage Co.,wdw,disney-springs,marketplace,,kiosk,quick,prix-fixe,american,1,FALSE,FALSE,FALSE,FALSE,open,28.37182822,-81.51622323,https://disneyworld.disney.go.com/dining/disney-springs/bb-wolfs-sausage-co/menus/lunch-and-dinner/,https://disneyworld.disney.go.com/dining/disney-springs/bb-wolfs-sausage-co/menus/lunch-and-dinner/,,,,"A playful, quick-service walk-up kiosk located in the Marketplace area of Disney Springs at Walt Disney World Resort",lunch|dinner,disney-springs|sausage|alcohol|american|quick|marketplace,2026-09-27,
blue-ribbon-corn-dog,Blue Ribbon Corn Dog,wdw,epcot-resort-area,,boardwalk-inn,kiosk,quick,a-la-carte,american,1,FALSE,FALSE,FALSE,FALSE,open,28.3664,-81.5563,,,,https://disneyworld.disney.go.com/dining/boardwalk/blue-ribbon-corn-dog/menus/all-day/,,"Popular snack stand famous for serving oversized, hand-dipped, and unique corn dog creations like the viral pickle dog.",,snack|corn-dog|boardwalk|epcot-resort-area,2026-09-27,
basket-at-wine-bar-george,The Basket at Wine Bar George,wdw,disney-springs,the-landing,,kiosk,quick,a-la-carte,european,1,FALSE,FALSE,FALSE,FALSE,open,28.37160476,-81.51776917,https://disneyworld.disney.go.com/dining/disney-springs/the-basket/menus/lunch-and-dinner/,https://disneyworld.disney.go.com/dining/disney-springs/the-basket/menus/lunch-and-dinner/,,,,"Casual, sleek, and convenient for grabbing portable bites and drinks while strolling through Disney Springs. No reservations are required.",,disney-springs|the-landing|quick|european|alcohol|dole-whip|casual|snack,2026-09-27,
boardwalk-deli,BoardWalk Deli,wdw,epcot-resort-area,,boardwalk-inn,restaurant,quick,a-la-carte,american,1,FALSE,FALSE,FALSE,FALSE,open,28.366352,-81.556338,https://disneyworld.disney.go.com/dining/boardwalk/boardwalk-deli/menus/lunch-and-dinner/,https://disneyworld.disney.go.com/dining/boardwalk/boardwalk-deli/menus/lunch-and-dinner/,https://disneyworld.disney.go.com/dining/boardwalk/boardwalk-deli/menus/breakfast/,,,"Laid-back restaurant offering Northeast-inspired deli sandwiches, salads, and classic Disney pastries.",breakfast|lunch|dinner,alcohol|boardwalk|epcot-resort-area,2026-09-27,
blaze-fast-fired-pizza,Blaze Fast-Fire'd Pizza,wdw,disney-springs,town-center,,restaurant,quick,a-la-carte,american,1,FALSE,FALSE,FALSE,FALSE,open,28.37019023,-81.51816949,https://disneyworld.disney.go.com/dining/disney-springs/blaze-pizza/menus/lunch-and-dinner/,https://disneyworld.disney.go.com/dining/disney-springs/blaze-pizza/menus/lunch-and-dinner/,,,,"A modern, fast-casual restaurant that serves custom-built, artisanal 11-inch pizza pies.",,disney-springs|town-center|pizza|salad|alcohol|quick|restaurant|american,2026-09-27,
boardwalk-ice-cream,BoardWalk Ice Cream,wdw,epcot-resort-area,,boardwalk-inn,kiosk,snack,a-la-carte,american,1,FALSE,FALSE,FALSE,FALSE,open,28.3677,-81.5554679,,,,https://disneyworld.disney.go.com/dining/boardwalk/boardwalk-ice-cream/menus/snack/,,"Nostalgic parlor serving up scoops, sundaes, and milkshakes inspired by the classic mid-Atlantic seaside boardwalks.",,snack|ice-cream|boardwalk|epcot-resort-area,2026-09-27,
the-boathouse,"The BOATHOUSE: Great Food, Waterfront Dining, Dream Boats",wdw,disney-springs,the-landing,,restaurant,table,a-la-carte,american|steakhouse|seafood,3,TRUE,FALSE,FALSE,TRUE,open,28.37199064,-81.51801593,https://disneyworld.disney.go.com/dining/disney-springs/boathouse-restaurant/menus/dinner/,https://disneyworld.disney.go.com/dining/disney-springs/boathouse-restaurant/menus/lunch/,,,,"Upscale, waterfront dining with a diverse menu featuring fresh seafood, steaks, pasta, and indulgent desserts.",signature,boathouse|disney-springs|the-landing|steakhouse|alcohol|seafood|reservations|upscale|fine|bar|lounge,2026-09-27,
boardwalk-joes-marvelous-margaritas,BoardWalk Joes Marvelous Margaritas,wdw,epcot-resort-area,,boardwalk-inn,kiosk,snack,a-la-carte,american|mexican,1,FALSE,FALSE,FALSE,FALSE,open,28.366352,-81.556338,,,,https://disneyworld.disney.go.com/dining/boardwalk/boardwalk-joes-marvelous-margaritas/menus/bar-%E2%80%93-lounge/,,"Colorful outdoor kiosk that prepares refreshing frozen cocktails, specialty margaritas, and quick snacks like Mickey pretzels.",,snacks|alcohol|pretzel|boardwalk|epcot-resort-area,2026-09-27,
caravan-road,Caravan Road,wdw,animal-kingdom,asia,,kiosk,quick,snack,asian,1,FALSE,FALSE,FALSE,FALSE,open,28.35889579,-81.59062493,,,,https://disneyworld.disney.go.com/dining/animal-kingdom/caravan-road/menus/snack/,,"Snack kiosk that specializes in refreshing, tropical-flavored shaved ice.",,animal-kingdom|asia|asian|snack|ice|alcohol|quick,2026-09-27,
chef-art-smiths-homecomin,Chef Art Smith's Homecomin',wdw,disney-springs,the-landing,,restaurant,table,a-la-carte,american,2,TRUE,FALSE,FALSE,FALSE,open,28.37067358,-81.51817407,https://disneyworld.disney.go.com/dining/disney-springs/chef-art-smiths-homecomin/menus/dinner/,https://disneyworld.disney.go.com/dining/disney-springs/chef-art-smiths-homecomin/menus/lunch/,https://disneyworld.disney.go.com/dining/disney-springs/chef-art-smiths-homecomin/menus/brunch/,,,A popular farm-to-table restaurant celebrating comfort food and Florida's rich agricultural heritage.,dinner|lunch,disney-springs|restuarant|reservations|alcohol|brunch|american|comfort|the-landing,2026-09-27,
bourbon-steak,Bourbon Steak - A Michael Mina Restaurant,wdw,epcot-resort-area,,dolphin-hotel,restaurant,table,a-la-carte,american|steakhouse,3,TRUE,FALSE,FALSE,TRUE,open,28.3674,-81.5614,https://disneyworld.disney.go.com/dining/dolphin-hotel/bourbon-steak/menus/dinner/,,,,,"Chic, upscale modern steakhouse that pairs premium butter-poached cuts and fresh seafood with signature cocktails and famous duck-fat fries.",dinner|signature,alcohol|seafood|steakhouse|dolphin-hotel|epcot-resort-area,2026-09-27,
chicken-guy,Chicken Guy,wdw,disney-springs,town-center,,restaurant,quick,a-la-carte,american,1,FALSE,FALSE,FALSE,FALSE,open,28.36966383,-81.51861453,https://disneyworld.disney.go.com/dining/disney-springs/chicken-guy/menus/lunch-and-dinner/,https://disneyworld.disney.go.com/dining/disney-springs/chicken-guy/menus/lunch-and-dinner/,https://disneyworld.disney.go.com/dining/disney-springs/chicken-guy/menus/breakfast/,,,A fast-casual restaurant created by celebrity chef Guy Fieri and restauranteur Robert Earl famous for crispy chicken tenders and 22 signature dipping sauces.,dinner|lunch|breakfast,disney-springs|town-center|quick|restaurant|snack|american|chicken|fried,2026-09-27,
city-works-eatery-pour-house,City Works Eatery and Pour House,wdw,disney-springs,west-side,,restaurant,table,a-la-carte,american,2,TRUE,FALSE,FALSE,FALSE,open,28.37079837,-81.52226027,https://disneyworld.disney.go.com/dining/disney-springs/city-works/menus/dinner/,https://disneyworld.disney.go.com/dining/disney-springs/city-works/menus/lunch/,https://disneyworld.disney.go.com/dining/disney-springs/city-works/menus/brunch/,,,"An energetic, upbeat American restaurant and upscale sports bar",dinner|lunch,disney-springs|west-side|american|alcohol|sports-bar|reservations|brunch,2026-09-27,
coca-cola-rooftop-beverage-bar,Coca-Cola Rooftop Beverage Bar,wdw,disney-springs,town-center,,lounge,quick,snack,american,1,FALSE,FALSE,FALSE,FALSE,open,28.36953469,-81.51910859,,,,https://disneyworld.disney.go.com/dining/disney-springs/coca-cola-rooftop-beverage-bar/menus/snack/,,"An open-air, third-floor lounge that offers sweeping panoramic views of the surrounding area while serving an array of global sodas, floats, and specialty drinks",,disney-springs|town-center|coca-cola|alcohol|snack|quick|lounge|floats|soda|rooftop,2026-09-27,
cookies-of-dublin,Cookies of Dublin,wdw,disney-springs,the-landing,,restaurant,quick,a-la-carte,irish|american,1,FALSE,FALSE,FALSE,FALSE,open,28.3715048,-81.51743729,https://disneyworld.disney.go.com/dining/disney-springs/cookes-of-dublin/menus/lunch-and-dinner/,https://disneyworld.disney.go.com/dining/disney-springs/cookes-of-dublin/menus/lunch-and-dinner/,,,,Fast-casual Irish pub serving authentic Irish fare like fish and chips,lunch|dinner,disney-springs|the-landing|irish|american|restaurant|casual|alcohol,2026-09-27,
cooling-hut,Cooling Hut,wdw,blizzard-beach,,,kiosk,quick,snack,american,1,FALSE,FALSE,FALSE,FALSE,open,28.35239108,-81.57378324,,,,https://disneyworld.disney.go.com/dining/blizzard-beach/cooling-hut/menus/snack/,,A quick-service snack kiosk with frozen treats and salty & savory snacks.,,blizzard-beach|snacks|kiosk|frozen|salty|alcohol,2026-09-27,
creature-comforts,Creature Comforts,wdw,animal-kingdom,discovery-island,,kiosk,quick,a-la-carte,bakery,1,FALSE,FALSE,FALSE,FALSE,open,28.35803813,-81.59167276,,,,https://disneyworld.disney.go.com/dining/animal-kingdom/creature-comforts/menus/,,"African-themed venue serving STARBUCKS® coffee, specialty beverages and Disney baked goods.",,animal-kingdom|discovery-island|starbucks|coffee|bakery|pastries|beverages|snacks,2026-09-27,
d-luxe-burger,D-Luxe Burger,wdw,disney-springs,town-center,,restaurant,quick,a-la-carte,american,1,FALSE,FALSE,FALSE,FALSE,open,28.37050743,-81.51762587,https://disneyworld.disney.go.com/dining/disney-springs/d-luxe-burger/menus/lunch-and-dinner/,https://disneyworld.disney.go.com/dining/disney-springs/d-luxe-burger/menus/lunch-and-dinner/,,,,"A charming, ranch-inspired eatery based on the fictional backstory of the Sinclair family's Glowing Oak Ranch, founded in 1850.",lunch|dinner,disney-springs|town-center|burgers|alcohol|beverages|quick|american,2026-09-27,
daily-poutine,The Daily Poutine,wdw,disney-springs,town-center,,kiosk,quick,a-la-carte,american,1,FALSE,FALSE,FALSE,FALSE,open,28.37134502,-81.51575284,https://disneyworld.disney.go.com/dining/disney-springs/daily-poutine/menus/lunch-and-dinner/,https://disneyworld.disney.go.com/dining/disney-springs/daily-poutine/menus/lunch-and-dinner/,,,,"A fast-moving, counter-service outdoor kiosk with nearby umbrella tables, ideal for a quick snack or a casual, shareable light meal.",lunch|dinner,disney-springs|town-center|american|snack|alcohol|outdoor,2026-09-27,
dawa-bar,Dawa Bar,wdw,animal-kingdom,africa,,lounge,table,a-la-carte,american,1,FALSE,FALSE,FALSE,FALSE,open,28.35883805,-81.59213192,,,,,https://disneyworld.disney.go.com/dining/animal-kingdom/dawa-bar/menus/,"A popular, open-air bamboo watering hole located in the heart of Harambe Village.",,animal-kingdom|africa|alcohol|bar|lounge|table|quick,2026-09-27,
drinkwallah,Drinkwallah,wdw,animal-kingdom,asia,,kiosk,quick,snack,american,1,FALSE,FALSE,FALSE,FALSE,open,28.35867317,-81.58969664,,,,https://disneyworld.disney.go.com/dining/animal-kingdom/drinkwallah/menus/snack/,,"Quirky, Indian-inspired snack kiosk that serves refreshing frozen slushes, alcoholic beverages, and light snacks like cinnamon-glazed nuts.",,animal-kingdon|asia|beverages|alcohol|nuts|snacks|quick|kiosk,2026-09-27,
eight-spoon-cafe,Eight Spoon Cafe,wdw,animal-kingdom,discovery-island,,kiosk,quick,snack,american,1,FALSE,FALSE,FALSE,FALSE,open,28.358139,-81.58998074,,,,https://disneyworld.disney.go.com/dining/animal-kingdom/eight-spoon-cafe/menus/snack/,,A walk-up kiosk known for loaded baked macaroni and cheese and bite-sized churros.,,animal-kingdom|discovery-island|snacks|quick|alcohol|dessert,2026-09-27,
flame-tree-barbecue,Flame Tree Barbecue,wdw,animal-kingdom,discovery-island,,restaurant,quick,a-la-carte,american,1,FALSE,FALSE,FALSE,FALSE,open,28.35765951,-81.5894522,https://disneyworld.disney.go.com/dining/animal-kingdom/flame-tree-barbecue/menus/lunch-and-dinner/,https://disneyworld.disney.go.com/dining/animal-kingdom/flame-tree-barbecue/menus/lunch-and-dinner/,,,,"Popular outdoor restaurant dishing out delicious smoked ribs, chicken, and pulled pork.",lunch|dinner,animal-kingdom|discovery-island|bbq|barbecue|alcohol|restaurant|quick,2026-09-27,
frostbite-freddys-frozen-refreshments,Frostbite Freddy's Frozen Refreshments,wdw,blizzard-beach,,,lounge,table,a-la-carte,american,1,FALSE,FALSE,FALSE,FALSE,seasonal,28.35256524,-81.57368108,,,,,https://disneyworld.disney.go.com/dining/blizzard-beach/frostbite-freddy/menus/,"Casual outdoor kiosk that creates frozen alcoholic cocktails, beers, and non-alcoholic slushes.",,blizzard-beach|refreshments|alcohol|seasonal|frozen|tropical|beverages,2026-09-27,
cabana-bar-and-beach-club,Cabana Bar and Beach Club,wdw,epcot-resort-area,,dolphin-hotel,lounge,quick|table,a-la-carte,american,1,FALSE,FALSE,FALSE,FALSE,open,28.3664,-81.5563,,,,,https://disneyworld.disney.go.com/dining/dolphin-hotel/cabana-bar-and-beach-club/menus/pool-bar/,"Chic, open-air poolside lounge next to the lap pool dishing out upgraded casual bites and tropical cocktails.",lunch|dinner,pool-bar|lounge|alcohol|dolphin-hotel|epcot-resort-area,2026-09-27,
harambe-fruit-market,Harambe Fruit Market,wdw,animal-kingdom,africa,,kiosk,quick,snack,american,1,FALSE,FALSE,FALSE,FALSE,open,28.35811407,-81.58985573,,,,https://disneyworld.disney.go.com/dining/animal-kingdom/harambe-fruit-market/menus/snack/,,"Snack kiosk best known for serving grab-and-go options like fresh fruit, Mickey-shaped pretzels, and grilled corn on the cob.",,animal-kingdom|africa|apples|bananas|fruit|oranges|quick|snacks|healthy|refreshments|beverages,2026-09-27,
harambe-market,Harambe Market,wdw,animal-kingdom,africa,,restaurant,quick,a-la-carte,african,1,FALSE,FALSE,FALSE,FALSE,open,28.35930929,-81.5914334,https://disneyworld.disney.go.com/dining/animal-kingdom/harambe-market/menus/lunch-and-dinner/,https://disneyworld.disney.go.com/dining/animal-kingdom/harambe-market/menus/lunch-and-dinner/,,,,"Vibrant, open-air food court themed as a bustling African train depot serving themed wraps, salads, and classic American park favorites.",dinner|lunch,animal-kingdom|africa|african|beer|salad|burgers|quick|restaurant|beverages|refreshments|desserts|wraps,2026-09-27,
cake-bake-shop-bakery,The Cake Bake Shop Bakery by Gwendolyn Rogers,wdw,epcot-resort-area,,boardwalk-inn,snack,quick,a-la-carte,american|french,2,FALSE,FALSE,FALSE,FALSE,open,28.36545,-81.55243,,,,https://disneyworld.disney.go.com/dining/boardwalk/cake-bake-shop-bakery/menus/snack/,,"Dreamy, storybook-style counter-service bakery offering to-go luxury cakes, cookies, pies, and french pastries.",,dessert|cake|bakery|boardwalk|epcot-resort-area,2026-09-27,
i-c-expeditions,I.C. Expeditions,wdw,blizzard-beach,,,food-truck,quick,snack,american,1,FALSE,FALSE,FALSE,FALSE,seasonal,28.35241066,-81.57479406,,,,https://disneyworld.disney.go.com/dining/blizzard-beach/i-c-expeditions/menus/snack/,,"Snowplow-themed dessert kiosk that offers refreshing frozen treats like sundaes, floats, and waffle cones to help guests cool off.",,blizzard-beach|seasonal|floats|ice-cream|sundaes|beverages,2026-09-27,
cake-bake-shop-restaurant,The Cake Bake Shop Restaurant by Gwendolyn Rogers,wdw,epcot-resort-area,,boardwalk-inn,restaurant,table,a-la-carte,american,3,TRUE,FALSE,FALSE,FALSE,open,28.36545,-81.55243,https://disneyworld.disney.go.com/dining/boardwalk/cake-bake-shop-restaurant/menus/dinner/,https://disneyworld.disney.go.com/dining/boardwalk/cake-bake-shop-restaurant/menus/lunch/,https://disneyworld.disney.go.com/dining/boardwalk/cake-bake-shop-restaurant/menus/breakfast/,,,"Upscale, storybook-style restaurant and bakery offering over-the-top luxury cakes, savory meals, and whimsical cocktails with views of Crescent Lake.",breakfast|lunch|dinner,dessert|alcohol|cake|bakery|boardwalk|epcot-resort-area,2026-09-27,
isle-of-java,Isle of Java,wdw,animal-kingdom,discovery-island,,kiosk,quick,snack,american,1,FALSE,FALSE,FALSE,FALSE,open,28.35744361,-81.58938247,,,https://disneyworld.disney.go.com/dining/animal-kingdom/isle-of-java/menus/breakfast/,https://disneyworld.disney.go.com/dining/animal-kingdom/isle-of-java/menus/snack/,,"Convenient quick-service kiosk that sells fresh Joffrey’s coffee, breakfast pastries, and refreshing frozen beverages.",,animal-kingdom|discovery-island|coffee|alcohol|sweets|beverages|snacks|quick|java,2026-09-27,
kusafiri-coffee-shop-and-bakery,Kusafiri Coffee Shop and Bakery,wdw,animal-kingdom,africa,,kiosk,quick,snack,american|african,1,FALSE,FALSE,FALSE,FALSE,open,28.35914015,-81.59218399,https://disneyworld.disney.go.com/dining/animal-kingdom/kusafiri-coffee-shop-and-bakery/menus/lunch-and-dinner/,https://disneyworld.disney.go.com/dining/animal-kingdom/kusafiri-coffee-shop-and-bakery/menus/lunch-and-dinner/,https://disneyworld.disney.go.com/dining/animal-kingdom/kusafiri-coffee-shop-and-bakery/menus/breakfast/,,,"Walk-up window that prepares specialty coffees and fresh pastries in the morning, followed by flavorful African-inspired rice bowls and savory bites for lunch.",lunch|dinner|breakfast,animal-kingdom|africa|american|african|alcohol|beverages|bakery|snack|quick|coffee|soda,2026-09-27,
lottawatta-lodge,Lottawatta Lodge,wdw,blizzard-beach,,,kiosk,quick,a-la-carte,american,1,FALSE,FALSE,FALSE,FALSE,open,28.35169015,-81.57341832,https://disneyworld.disney.go.com/dining/blizzard-beach/lottawatta-lodge/menus/lunch-and-dinner/,https://disneyworld.disney.go.com/dining/blizzard-beach/lottawatta-lodge/menus/lunch-and-dinner/,,,,"Ski-chalet-themed restaurant featuring classic American fare like burgers, flatbreads, and refreshing tropical drinks.",lunch|dinner,blizzard-beach|alcohol|beverages|burgers|salads|drinks|refreshments,2026-09-27,
mahindi,Mahindi,wdw,animal-kingdom,africa,,kiosk,quick,snack,african|american,1,FALSE,FALSE,FALSE,FALSE,open,28.35873187,-81.59176602,,,,https://disneyworld.disney.go.com/dining/animal-kingdom/mahindi/menus/snack/,,"Snack kiosk known for its freshly popped popcorn, cinnamon-glazed nuts, and refreshing beverages from a rustic, African-themed marketplace stall.",,animal-kingdom|african|africa|soda|water|alcohol|beer|souvenir|popcorn|snack|quick,2026-09-27,
mini-donuts-joffreys-coffee-at-blizard-beach,Mini Donuts by Joffrey's Coffee at Blizzard Beach,wdw,blizzard-beach,,,kiosk,quick,snack,american,1,FALSE,FALSE,FALSE,FALSE,open,28.35175333,-81.57362763,,,,https://disneyworld.disney.go.com/dining/blizzard-beach/blizzard-beach-mini-donuts/menus/snack/,,"Popular snack kiosk serving fresh, warm mini donuts served with sweet dipping sauces and Joffreys coffee.",,blizzard-beach|joffreys|coffee|donuts|lemonade|sode|tea|snacks|quick,2026-09-27,
nomad-lounge,Nomad Lounge,wdw,animal-kingdom,discovery-island,,lounge,table,a-la-carte,african|asian|latin,2,FALSE,FALSE,FALSE,FALSE,open,28.35696619,-81.59151,,,,,https://disneyworld.disney.go.com/dining/animal-kingdom/nomad-lounge/menus/,"Relaxed, travel-themed oasis offering specialty cocktails and delicious small plates next to the water.",,animal-kingdom|discovery-island|lounge|bar|african|latin|asian|cocktails|alcohol|beverages|refreshments,2026-09-27,
pizzafari,Pizzafari,wdw,animal-kingdom,discovery-island,,kiosk,quick,a-la-carte,american,1,FALSE,FALSE,FALSE,FALSE,open,28.35750687,-81.59125507,https://disneyworld.disney.go.com/dining/animal-kingdom/pizzafari/menus/lunch-and-dinner/,https://disneyworld.disney.go.com/dining/animal-kingdom/pizzafari/menus/lunch-and-dinner/,,,,"Vibrant, air-conditioned pizzeria known for its family-pleasing menu and its beautifully painted indoor dining rooms covered in animal murals and mosaics.",,animal-kingdom|discovery-island|american|pizza|alcohol|beer|beverages|refreshments|soda,2026-09-27,
polar-pub,Polar Pub,wdw,blizzard-beach,,,lounge,table,a-la-carte,american,1,FALSE,FALSE,FALSE,FALSE,open,28.35142353,-81.5740296,,,,,https://disneyworld.disney.go.com/dining/blizzard-beach/polar-pub/menus/,"Open-air beach bar located next to Melt-Away Bay specializing in refreshing frozen cocktails, cold beers, and tropical drinks.",,blizzard-beach|alcohol|lounge|bar|table|cocktails|beer|refreshments|beverages,2026-09-27,
pongu-pongu,Pongu Pongu,wdw,animal-kingdom,pandora,,snack,quick,a-la-carte,american,1,FALSE,FALSE,FALSE,FALSE,open,28.35603278,-81.59254249,,,,https://disneyworld.disney.go.com/dining/animal-kingdom/pongu-pongu/menus/snack/,,Otherworldly drink stand that serves unique themed beverages and the famous cream cheese-and-pineapple spring roll.,,animal-kingdom|pandora|avatar|alcohol|beverages|refreshments|snacks|quick,2026-09-27,
rainforest-cafe-at-animal-kingdom,Rainforest Cafe at Animal Kingdom,wdw,animal-kingdom,main-entrance,,restaurant,table,a-la-carte,american,2,TRUE,FALSE,FALSE,FALSE,open,28.35487542,-81.59078263,https://disneyworld.disney.go.com/dining/animal-kingdom/rainforest-cafe-animal-kingdom/menus/dinner/,https://disneyworld.disney.go.com/dining/animal-kingdom/rainforest-cafe-animal-kingdom/menus/lunch/,https://disneyworld.disney.go.com/dining/animal-kingdom/rainforest-cafe-animal-kingdom/menus/breakfast/,,,"Immersive, family-friendly dining experience that transports guests into a tropical jungle filled with animatronic animals, cascading waterfalls, and periodic indoor thunderstorms.",dinner|lunch|breakfast,animal-kingdom|rain-forest-cafe|restaurant|table|alcohol|reservations,2026-09-27,
satuli-canteen,Satu'li Canteen,wdw,animal-kingdom,pandora,,restaurant,quick,a-la-carte,american,1,FALSE,FALSE,FALSE,FALSE,open,28.35637094,-81.5924666,https://disneyworld.disney.go.com/dining/animal-kingdom/satuli-canteen/menus/lunch-and-dinner/,https://disneyworld.disney.go.com/dining/animal-kingdom/satuli-canteen/menus/lunch-and-dinner/,https://disneyworld.disney.go.com/dining/animal-kingdom/satuli-canteen/menus/breakfast/,,,"Popular, fast-casual quick-service restaurant famous for its fresh, customizable bowls and steamed cheeseburger pods.",lunch|dinner|breakfast,animal-kingdom|avatar|pandora|american|alcohol|beverages|refreshments,2026-09-27,
the-smiling-crocodile,The Smiling Crocodile,wdw,animal-kingdom,discovery-island,,snack,quick,a-la-carte,american,1,FALSE,FALSE,FALSE,FALSE,open,28.35790287,-81.58973506,https://disneyworld.disney.go.com/dining/animal-kingdom/smiling-crocodile/menus/lunch-and-dinner/,https://disneyworld.disney.go.com/dining/animal-kingdom/smiling-crocodile/menus/lunch-and-dinner/,,,,Snack kiosk that prepares light bites like pulled pork or chicken cheese arepas.,lunch|dinner,animal-kingdom|discovery-island|alcohol|beverages|refreshments|barbecue,2026-09-27,
tamu-tamu-refreshments,Tamu Tamu Refreshments,wdw,animal-kingdom,africa,,snack,quick,a-la-carte,african|american,1,FALSE,FALSE,FALSE,FALSE,open,28.35886531,-81.5917248,,,https://disneyworld.disney.go.com/dining/animal-kingdom/tamu-tamu-refreshments/menus/breakfast/,https://disneyworld.disney.go.com/dining/animal-kingdom/tamu-tamu-refreshments/menus/snack/,,"A walk-up window that specializes in sweet breakfast pastries and refreshing DOLE Whip treats, including adult versions spiked with rum.",,animal-kingdom|africa|african|american|refreshments|snack|quick|dole-whip|pineapple|watermelon|strawberry|fruity,2026-09-27,
terra-treats,Terra Treats,wdw,animal-kingdom,discovery-island,,snack,quick,a-la-carte,american,1,FALSE,FALSE,FALSE,FALSE,open,28.35821549,-81.59157163,,,,https://disneyworld.disney.go.com/dining/animal-kingdom/terra-treats/menus/snack/,,A small snack kiosk offering popular ice cream treats and the viral cookie dough brownie ice cream sandwich.,,animal-kingdom|discovery-island|snack|quick|floats|ice-cream|refreshing|beverages|refreshments,2026-09-27,
thirsty-river-bar,Thirsty River Bar,wdw,animal-kingdom,asia,,lounge,table,a-la-carte,american,1,FALSE,FALSE,FALSE,FALSE,open,28.35886025,-81.58766083,,,,,https://disneyworld.disney.go.com/dining/animal-kingdom/thirsty-river-bar/menus/,"Relaxing, open-air bar with specialty cocktails, a variety of beers, and refreshing frozen drinks.",,animal-kingdom|asia|beer|alcohol|refreshments|beverages|cocktails|bar|lounge,2026-09-27,
trek-snacks,Trek Snacks,wdw,animal-kingdom,asia,,snack,quick,a-la-carte,american,1,FALSE,FALSE,FALSE,FALSE,open,28.35886025,-81.58766083,,,,https://disneyworld.disney.go.com/dining/animal-kingdom/trek-snacks/menus/snack/,,"A walk-up kiosk offering grab-and-go treats like popcorn, Mickey pretzels, and ice cream.",,animal-kingdom|asia|popcorn|pretzels|ice-cream|snack|quick,2026-09-27,
tusker-house-restaurant,Tusker House Restaurant,wdw,animal-kingdom,africa,,restaurant,table,buffet,african|american,3,TRUE,TRUE,FALSE,FALSE,open,28.35866833,-81.59203727,https://disneyworld.disney.go.com/dining/animal-kingdom/tusker-house-restaurant/menus/dinner/,https://disneyworld.disney.go.com/dining/animal-kingdom/tusker-house-restaurant/menus/lunch/,https://disneyworld.disney.go.com/dining/animal-kingdom/tusker-house-restaurant/menus/breakfast/,,,"Vibrant, African-themed buffet where guests can enjoy flavorful, African-inspired cuisine while meeting Mickey Mouse and friends in their safari attire.",character-dining|dinner|lunch|breakfast,animal-kingdom|africa|american|african|restaurant|table|buffet|alcohol|mickey,2026-09-27,
warming-hut,Warming Hut,wdw,blizzard-beach,,,snack,lounge,a-la-carte,american,1,FALSE,FALSE,FALSE,FALSE,open,28.35095454,-81.57476916,,,,https://disneyworld.disney.go.com/dining/blizzard-beach/warming-hut/menus/snack/,,"Alpine-themed snack and lunch stop sdishing out American favorites like nachos, sandwiches, and ice cream.",,blizzard-beach|snack|quick|sundae|chicken-wings|brownie|sweets,2026-09-27,
warung-outpost,Warung Outpost,wdw,animal-kingdom,asia,,lounge,table,a-la-carte,american,1,FALSE,FALSE,FALSE,FALSE,open,28.3589537,-81.59029206,,,,,https://disneyworld.disney.go.com/dining/animal-kingdom/warung-outpost/menus/,"Small, open-air walk-up kiosk that offers refreshing frozen drinks and alcoholic beverages.",,animal-kingdom|asia|american|dole-whip|orange|ice-cream|sweets,2026-09-27,
yak-yeti-local-foods-cafe,Yak and Yeti Local Foods Cafe,wdw,animal-kingdom,asia,,snack,quick,a-la-carte,american|asian,1,FALSE,FALSE,FALSE,FALSE,open,28.35884773,-81.58956683,https://disneyworld.disney.go.com/dining/animal-kingdom/yak-and-yeti-local-foods-cafe/menus/lunch-and-dinner/,https://disneyworld.disney.go.com/dining/animal-kingdom/yak-and-yeti-local-foods-cafe/menus/lunch-and-dinner/,https://disneyworld.disney.go.com/dining/animal-kingdom/yak-and-yeti-local-foods-cafe/menus/breakfast/,,,"A walk-up, counter-service spot serving fast-casual Asian-inspired fare like teriyaki bowls, fried rice, and egg rolls.",lunch|dinner|breakfast,animal-kingdom|asia|dessert|alcohol|beer|beverages|refreshments|kids-meals,2026-09-27,
yak-yeti-quality-beverages,Yak and Yeti Quality Beverages,wdw,animal-kingdom,asia,,lounge,quick,a-la-carte,american,1,FALSE,FALSE,FALSE,FALSE,open,28.35910211,-81.58964983,,,,,https://disneyworld.disney.go.com/dining/animal-kingdom/quality-beverages/menus/,"Walk-up window providing refreshing specialty cocktails like the Yak Attack, draft beers, and quick Asian-inspired snacks.",,animal-kingdom|asia|beverages|refreshments|lemonade|alcohol|margarita|cocktails|snacks|quick|table|lounge|bar,2026-09-27,
yak-yeti-restaurant,Yak and Yeti Restaurant,wdw,animal-kingdom,asia,,restaurant,table,a-la-carte,american|asian,2,TRUE,FALSE,FALSE,FALSE,open,28.35886661,-81.5895561,https://disneyworld.disney.go.com/dining/animal-kingdom/yak-and-yeti-restaurant/menus/dinner/,https://disneyworld.disney.go.com/dining/animal-kingdom/yak-and-yeti-restaurant/menus/lunch/,,,,"A vibrant, Nepalese-themed eatery serving a diverse menu of delicious pan-Asian cuisine inside a richly detailed, antique-filled village home.",dinner|lunch,animal-kingdom|asia|asian|restaurant|table|reservations|casual|alcohol,2026-09-27,
canada-popcorn-cart,Canada Popcorn Cart,wdw,epcot,canada,,cart,snack,a-la-carte,american,1,FALSE,FALSE,FALSE,FALSE,open,28.3716736,-81.5510702,,,,https://disneyworld.disney.go.com/dining/epcot/popcorn-at-canada-pavilion/menus/snack/,,"This cart cooks up a warm, crunchy, and irresistibly sweet-and-salty maple-flavored popcorn that captures the true essence of the Great White North.",world-showcase-snack,popcorn|canada|cart|epcot,2026-09-27,
cape-may-cafe,Cape May Cafe,wdw,epcot-resort-area,,beach-club-resort,restaurant,table,buffet|prix-fixe,american|seafood,3,TRUE,FALSE,TRUE,FALSE,open,28.3711,-81.5568,https://disneyworld.disney.go.com/dining/beach-club-resort/cape-may-cafe/menus/dinner/,,https://disneyworld.disney.go.com/dining/beach-club-resort/cape-may-cafe/menus/breakfast/,,,"Charming, beach-themed buffet restaurant known for a seafood dinner at night and a character breakfast featuring Minnie Mouse and friends wearing fun beach clothes.",character-dining|breakfast|dinner,alcohol|beach-club-resort|epcot-resort-area|reservations,2026-09-27,
carousel-cafe,Carousel Cafe,wdw,epcot-resort-area,,boardwalk-inn,kiosk,quick,a-la-carte,american,1,FALSE,FALSE,FALSE,FALSE,open,28.3673,-81.5545,,,https://disneyworld.disney.go.com/dining/boardwalk/carousel-coffee/menus/coffee-%E2%80%93-bakery/,,,"Coffee shop located right off the BoardWalk Inn lobby, serving artisan Joffrey's coffee, specialty teas, and fresh pastries for a grab-and-go morning pick-me-up.",breakfast,coffee|pastries|bakery|boardwalk-inn|epcot-resort-area|joffrey,2026-09-27,
centertown-market,Centertown Market,wdw,epcot-resort-area,,caribbean-beach-resort,restaurant,quick,a-la-carte,american|caribbean|latin,1,FALSE,FALSE,FALSE,FALSE,open,28.363,-81.5426,https://disneyworld.disney.go.com/dining/caribbean-beach-resort/centertown-market/menus/lunch-and-dinner/,https://disneyworld.disney.go.com/dining/caribbean-beach-resort/centertown-market/menus/lunch-and-dinner/,https://disneyworld.disney.go.com/dining/caribbean-beach-resort/centertown-market/menus/breakfast/,,,"Island-themed restaurant specializing in American, Latin, and Caribbean-inspired comfort foods for all 3 meals.",breakfast|lunch|dinner,caribbean-beach-resort|epcot-resorts-area|alcohol|refreshments|latin|caribbean,2026-09-27,
centertown-market-grab-and-go,Centertown Market Grab and Go,wdw,epcot-resort-area,,caribbean-beach-resort,kiosk,quick,a-la-carte,american,1,FALSE,FALSE,FALSE,FALSE,open,28.363,-81.5426,https://disneyworld.disney.go.com/dining/caribbean-beach-resort/centertown-grab-and-go/menus/lunch-and-dinner/,https://disneyworld.disney.go.com/dining/caribbean-beach-resort/centertown-grab-and-go/menus/lunch-and-dinner/,https://disneyworld.disney.go.com/dining/caribbean-beach-resort/centertown-grab-and-go/menus/breakfast/,,,"A convenient counter-service spot for quick snacks, breakfast items, coffee, and beverages.",breakfast|lunch|dinner,caribbean-beach-resort|epcot-resorts-area|refreshments|coffee,2026-09-27,
chefs-de-france,Chefs de France,wdw,epcot,france,,restaurant,table,a-la-carte,french,2,TRUE,FALSE,FALSE,FALSE,open,28.3689887,-81.5525953,https://disneyworld.disney.go.com/dining/epcot/chefs-de-france/menus/dinner/,https://disneyworld.disney.go.com/dining/epcot/chefs-de-france/menus/lunch/,,,,"Charming, family-friendly brasserie (pub) that prepares classic French cuisine in a bright, bustling Parisian cafe setting.",lunch|dinner|world-showcase-bar,france|epcot|alcohol|reservations,2026-09-27,
chill,Chill,wdw,epcot-resort-area,,swan-hotel,lounge,snack,a-la-carte,american,1,FALSE,FALSE,FALSE,FALSE,open,28.368189,-81.561347,,,,,https://disneyworld.disney.go.com/dining/swan-hotel/chill/menus/lounge/,"Casual counter-service lounge serving frozen cocktails, beer, wine, and light snacks.",lunch,beverages|refreshments|alcohol|lounge|epcot-resorts-area|swan-hotel|snacks,2026-09-27,
choza-de-margarita,Choza de Margarita,wdw,epcot,mexico,,kiosk,quick,a-la-carte,mexican,1,FALSE,FALSE,FALSE,FALSE,open,28.3714,-81.5474,,,,https://disneyworld.disney.go.com/dining/epcot/choza-de-margarita/menus/snack/,,Popular outdoor walk-up kiosk that serves handcrafted margaritas and light Mexican bites.,lunch|world-showcase-bar|world-showcase-snack,beverages|refreshments|alcohol|bar|epcot|snacks|margarita|mexico|mexican,2026-09-27,
connections-cafe,Connections Cafe,wdw,epcot,world-celebration,,kiosk,snack,a-la-carte,american,1,FALSE,FALSE,FALSE,FALSE,open,28.37415,-81.54878,,,,https://disneyworld.disney.go.com/dining/epcot/connections-cafe/menus/coffee-%E2%80%93-bakery/,,Next to the Connections Eatery is the convienent Starbucks coffee shop and bakery.,,starbucks|bakery|world-celebration|epcot|coffee|dessert,2026-09-27,
connections-eatery,Connections Eatery,wdw,epcot,world-celebration,,restaurant,quick,a-la-carte,american|italian|french|asian,1,FALSE,FALSE,FALSE,FALSE,open,28.37415,-81.54878,https://disneyworld.disney.go.com/dining/epcot/connections-eatery/menus/lunch-and-dinner/,,,,,"Modern, spacious food hall offering a variety of international-inspired dishes burgers, pizzas, and salads alongside an attached Starbucks bakery.",lunch|dinner,alcohol|world-celebration|epcot|coffee|refreshments|connections,2026-09-27,
coral-reef-restaurant,Coral Reef Restaurant,wdw,epcot,world-nature,,restaurant,table,a-la-carte,american|seafood,2,TRUE,FALSE,FALSE,FALSE,open,28.37528,-81.55028,https://disneyworld.disney.go.com/dining/epcot/coral-reef-restaurant/menus/dinner/,,,,,Immersive seafood eatery featuring giant aquarium windows where guests can watch marine life swim by while they eat.,dinner,world-nations|epcot|seafood|alcohol|reservations|aquarium|fish-tank,2026-09-27,
crepes-a-emporter-by-la-creperie-paris,Crepes A Emporter by La Creperie Paris,wdw,epcot,france,,kiosk,quick,a-la-carte,french,1,FALSE,FALSE,FALSE,FALSE,open,28.36849,-81.55348,https://disneyworld.disney.go.com/dining/epcot/crepes-a-emporter/menus/lunch-and-dinner/,https://disneyworld.disney.go.com/dining/epcot/crepes-a-emporter/menus/lunch-and-dinner/,,,,"Popular walk-up window that prepares authentic, made-to-order sweet crêpes and savory buckwheat galettes on the go.",world-showcase-bar|world-showcase-snack,crepes|france|french|epcot|dessert|alcohol,2026-09-27,
crews-cup-lounge,Crew's Cup Lounge,wdw,epcot-resort-area,,yacht-club-resort,lounge,table,a-la-carte,american,3,FALSE,FALSE,FALSE,FALSE,open,28.3657,-81.5562,,,,,https://disneyworld.disney.go.com/dining/yacht-club-resort/crew-cup-lounge/menus/bar-%E2%80%93-lounge/,"Cozy, nautical-themed lounge offering drinks and hearty steakhouse-quality bites without a reservation.",,lounge|bar|alcohol|snacks|yacht-club-resort|epcot-resorts-area,2026-09-27,
dockside-margaritas,Dockside Maargaritas,wdw,disney-springs,marketplace,,lounge,table,a-la-carte,american,1,FALSE,FALSE,FALSE,FALSE,open,28.3723473,-81.51492536,,,,,https://disneyworld.disney.go.com/dining/disney-springs/dockside-margaritas/menus/,"Laid-back, 1960s Florida-themed waterfront bar, offering handcrafted drinks and scenic cove views.",,disney-springs|marketplace|bar|lounge|cocktails|beverages|beer|alcohol,2026-09-28,
earl-of-sandwich,Earl of Sandwich,wdw,disney-springs,marketplace,,snack,quick,a-la-carte,american,1,FALSE,FALSE,FALSE,FALSE,open,28.37319128,-81.5147167,https://disneyworld.disney.go.com/dining/disney-springs/earl-of-sandwich/menus/lunch-and-dinner/,https://disneyworld.disney.go.com/dining/disney-springs/earl-of-sandwich/menus/lunch-and-dinner/,https://disneyworld.disney.go.com/dining/disney-springs/earl-of-sandwich/menus/breakfast/,,,"Popular, affordable quick-service restaurant serving famous hot toasted sandwiches on artisan bread.",lunch|dinner|breakfast,disney-springs|marketplace|sandwich|quick|snack|american,2026-09-28,
the-edison,The Edison,wdw,disney-springs,the-landing,,restaurant,table,a-la-carte,american,2,TRUE,FALSE,FALSE,FALSE,open,28.37105172,-81.51875636,https://disneyworld.disney.go.com/dining/disney-springs/edison/menus/dinner/,https://disneyworld.disney.go.com/dining/disney-springs/edison/menus/lunch/,,,,"Lavish, 1920s electric-company-themed restaurant and lounge serving American comfort food and craft cocktails amidst industrial-gothic decor.",dinner|lunch,disney-springs|the-landing|alcohol|restaurant|reservations|casual|comfort-food|cocktails|beer,2026-09-28,
eet-by-maneet-chauhan,eet by Maneet Chauhan,wdw,disney-springs,marketplace,,snack,quick,a-la-carte,indian,2,FALSE,FALSE,FALSE,FALSE,open,28.37343412,-81.51491393,https://disneyworld.disney.go.com/dining/disney-springs/eet-by-maneet-chauhan/menus/dinner/,https://disneyworld.disney.go.com/dining/disney-springs/eet-by-maneet-chauhan/menus/lunch/,,,,"Casual, fast-casual restaurant serving modern, creative Indian-inspired street food and build-your-own bowls.",lunch|dinner,disney-spring|marketplace|indian|casual|snack|quick,2026-09-28,
enzos-hideaway,Enzo's Hideaway,wdw,disney-springs,the-landing,,restaurant,table,a-la-carte,italian,2,TRUE,FALSE,FALSE,FALSE,open,28.37057602,-81.51886806,https://disneyworld.disney.go.com/dining/disney-springs/enzos-hideaway/menus/dinner/,https://disneyworld.disney.go.com/dining/disney-springs/enzos-hideaway/menus/lunch/,,,,Cozy underground speakeasy serving Roman-style Italian dishes and Prohibition-era cocktails inside a hidden tunnel.,lunch|dinner,disney-springs|the-landing|italian|reservations|restaurant|alcohol|wine|beer|cocktails|speakeasy,2026-09-28,
erin-mckennas-bakery-nyc,Erin McKenna's Bakery NYC,wdw,disney-springs,the-landing,,snack,quick|table,a-la-carte,bakery,1,FALSE,FALSE,FALSE,FALSE,open,28.37169952,-81.5175192,,,,https://disneyworld.disney.go.com/dining/disney-springs/erin-mckennas-bakery-nyc/menus/snack/,,"Whimsical, retro-themed bakery specializing in delicious, allergy-friendly vegan and gluten-free baked goods.",,disney-springs|the-landing|bakery|erin-mckenna|pastries|sweets|snack|quick,2026-09-28,
everglazed-donuts-and-cold-brew,Everglazed Donuts and Cold Brew,wdw,disney-springs,west-side,,snack,quick|table,a-la-carte,bakery,1,FALSE,FALSE,FALSE,FALSE,open,28.37008185,-81.52124849,https://disneyworld.disney.go.com/dining/disney-springs/everglazed-donuts/menus/lunch-and-dinner/,https://disneyworld.disney.go.com/dining/disney-springs/everglazed-donuts/menus/lunch-and-dinner/,,,,"Vibrant, retro-inspired spot famous for its massive, over-the-top gourmet donuts and inventive cold brew coffee pairings.",lunch|dinner,disney-springs|wes-side|snack|quick|table|bakery|pastries|donuts|cold-brew|coffee,2026-09-28,
front-porch-house-of-blues,The Front Porch at House of Blues,wdw,disney-springs,west-side,,lounge,table,a-la-carte,american,1,FALSE,FALSE,FALSE,FALSE,open,28.37122272,-81.52194827,,,,,https://disneyworld.disney.go.com/dining/disney-springs/front-porch-bar-at-house-of-blues-restaurant/menus/,"A laid-back outdoor patio bar offering drinks, barbecue snacks, and live nightly music",,disney-springs|west-side|american|alcohol|bar|lounge|cocktails|beer|music|snacks|barbecue,2026-09-28,
frontera-cocina,Frontera Cocina,wdw,disney-springs,town-center,,restaurant,table,a-la-carte,mexican,2,TRUE,FALSE,FALSE,FALSE,open,28.370867,-81.51720023,https://disneyworld.disney.go.com/dining/disney-springs/frontera-cocina/menus/dinner/,https://disneyworld.disney.go.com/dining/disney-springs/frontera-cocina/menus/lunch/,,,,"a vibrant, upscale eatery by celebrity Chef Rick Bayless that serves contemporary Mexican cuisine and artisan margaritas in a stylish, modern atmosphere.",dinner|lunch,disney-springs|town-center|mexican|restaurant|reservations|alcohol|beer|margaritas|cocktails,2026-09-28,
the-ganachery,The Ganachery,wdw,disney-springs,the-landing,,snack,quick|table,a-la-carte,american,1,FALSE,FALSE,FALSE,FALSE,open,28.3711975,-81.51824783,,,,https://disneyworld.disney.go.com/dining/disney-springs/the-ganachery/menus/snack/,,"A sophisticated, apothecary-themed chocolate boutique known for its premium, hand-crafted artisan ganache squares and custom sweet treats.",,disney-springs|the-landing|chocolate|sweets|unique|snack|quick|table,2026-09-28,
ghiradelli-soda-fountain-and-chocolate-shop,Ghiradelli Soda Fountain and Chocolate Shop,wdw,disney-springs,marketplace,,snack,quick|table,a-la-carte,american,1,FALSE,FALSE,FALSE,FALSE,temporarily-closed,28.37200424,-81.51475973,,,,https://disneyworld.disney.go.com/dining/disney-springs/ghirardelli-soda-fountain/menus/snack/,,A popular dessert destination famous for decadent hot fudge sundaes and premium chocolates. Marketplace location will Re-open in 2027.,,disney-springs|marketplace|town-center|chocolate|soda|fudge|sweets|snack|quick,2026-09-28,
gideons-bakehouse,Gideon's Bakehouse,wdw,disney-springs,the-landing,,snack,quick,a-la-carte,bakery,1,FALSE,FALSE,FALSE,FALSE,open,28.37133836,-81.51813186,,,,https://disneyworld.disney.go.com/dining/disney-springs/gideons-bakehouse/menus/snack/,,"A gothic, Tim Burton-inspired bakery famous for its nearly half-pound, decadently rich chocolate chip cookies and unique cold brews.",,disney-springs|the-landing|snack|bakery|cookies|sweets|gothic|unique|chocolate-chip|brownie,2026-09-28,
haagen-dazs,Haagen Dazs,wdw,disney-springs,west-side,,snack,quick,a-la-carte,american,1,FALSE,FALSE,FALSE,FALSE,open,28.37034269,-81.51920429,,,,https://disneyworld.disney.go.com/dining/disney-springs/haagen-dazs-west-side/menus/snack/,,"A quick-service kiosk offering premium ice cream, rich sundae creations, and refreshing shakes perfect for a sweet treat while shopping.",,disney-springs|west-side|ice-cream|snack|quick|american|sweets,2026-09-28,
house-of-blues,House of Blues,wdw,disney-springs,west-side,,restaurant,table,a-la-carte,american,2,TRUE,FALSE,FALSE,FALSE,open,28.37126048,-81.52198046,https://disneyworld.disney.go.com/dining/disney-springs/house-of-blues-restaurant/menus/dinner/,https://disneyworld.disney.go.com/dining/disney-springs/house-of-blues-restaurant/menus/lunch/,https://disneyworld.disney.go.com/dining/disney-springs/house-of-blues-restaurant/menus/brunch/,,,"A vibrant, rock-and-blues-themed venue combining Southern-inspired comfort food with high-energy live music and eclectic folk art.",lunch|dinner,disney-springs|west-side|brunch|restaurant|reservations|music|concert|blues|barbecue|bbq|alcohol|beer|cocktails,2026-09-28,
jock-lindsays-hangar-bar,Jock Lindsay's Hangar Bar,wdw,disney-springs,the-landing,,lounge,table,a-la-carte,american,1,FALSE,FALSE,FALSE,FALSE,open,28.371694,-81.5182906,,,,,https://disneyworld.disney.go.com/dining/disney-springs/jock-lindseys-hangar-bar/menus/,"An immersive, aviation-themed lounge inspired by Indiana Jones's loyal pilot Jock Lindsey.",,disney-springs|the-landing|indiana-jones|cocktails|alcohol|lounge|bar|aviation,2026-09-28,
joffreys-coffee-and-tea-co-at-the-leanding,Joffrey's Coffee and Tea Company at The Landing at Disney Springs,wdw,disney-springs,the-landing,,snack,quick,a-la-carte,american,1,FALSE,FALSE,FALSE,FALSE,open,28.37167406,-81.51785481,,,,https://disneyworld.disney.go.com/dining/disney-springs/joffreys-coffee-tea-company/menus/snack/,,"Casual quick-service shop offering specialty artisan coffees, teas, and pastries with fun Disney character latte art.",,disney-springs|the-landing|coffee|tea|pastries|latte|snack|quick,2026-09-28,
joffreys-handcrafted-smoothies,Joffrey's Handcrafted Smoothies,wdw,disney-springs,marketplace,,snack,quick,a-la-carte,american,1,FALSE,FALSE,FALSE,FALSE,open,28.37159852,-81.51543461,,,,https://disneyworld.disney.go.com/dining/disney-springs/joffreys-coffee-tea-smoothie/menus/snack/,,"A casual kiosk offering seven refreshing, fruit-forward tropical smoothie flavors alongside coffee and tea.",,disney-springs|marketplace|smoothies|joffreys|coffee|tea|refreshments|tropical,2026-09-28,
lava-lounge-rainforest-cafe,Lava Lounge at Rainforest Cafe,wdw,disney-springs,marketplace,,lounge,table,a-la-carte,american,1,FALSE,FALSE,FALSE,FALSE,open,28.37279454,-81.5158986,,,,,,"A lively, waterfront patio bar offering tropical cocktails and lava-inspired special effects in a jungle-themed atmosphere.",,disney-springs|marketplace|lounge|bar|snacks|cocktails|beer|alcohol|jungle|forest|unique,2026-09-28,
macguffins,MacGuffins,wdw,disney-springs,west-side,,lounge,table,a-la-carte,american,1,FALSE,FALSE,FALSE,FALSE,open,28.37021459,-81.52090007,,,,,,"A movie-themed bar and lounge where guests can order cocktails, beer, and wine to enjoy in the lounge or take directly into their movie.",,disney-springs|west-side|cocktails|beer|alcohol|wine|movies|amc|movie,2026-09-28,
maria-enzos-ristorante,Maria & Enzo's Ristorante,wdw,disney-springs,the-landing,,restaurant,table,a-la-carte,italian,2,TRUE,FALSE,FALSE,FALSE,open,28.37095553,-81.518985,https://disneyworld.disney.go.com/dining/disney-springs/maria-enzo/menus/dinner/,https://disneyworld.disney.go.com/dining/disney-springs/maria-enzo/menus/lunch/,,,,"An elegant eatery designed like a 1930s airline terminal that serves upscale, authentic Sicilian and Italian cuisine.",,disney-springs|the-landing|italian|sicilian|wine|casual|restaurant|reservations|alcohol,2026-09-28,
marketplace-snacks,Marketplace Snacks,wdw,disney-springs,marketplace,,snack,quick,a-la-carte,american,1,FALSE,FALSE,FALSE,FALSE,open,28.37229956,-81.51478889,,,,https://disneyworld.disney.go.com/dining/disney-springs/marketplace-snacks/menus/snack/,,"A popular walk-up window famous for serving refreshing Dole Whip treats, floats, and creative seasonal desserts.",,disney-springs|marketplace|sweets|treats|dole-whip|floats|desserts,2026-09-28,
morimoto-asia,Morimoto Asia,wdw,disney-springs,the-landing,,restaurant,table,a-la-carte,asian|chinese|japanese,3,TRUE,FALSE,FALSE,TRUE,open,28.37111836,-81.51789919,https://disneyworld.disney.go.com/dining/disney-springs/morimoto-asia/menus/dinner/,https://disneyworld.disney.go.com/dining/disney-springs/morimoto-asia/menus/lunch/,,,,"A stunning, multi-level restaurant by Iron Chef Masaharu Morimoto, offering pan-Asian delicacies like Peking duck, dim sum, and sushi in a chic, upscale atmosphere.",signature,disney-springs|the-landing|asian|japanese|chinese|sushi|morimoto|dim-sum|peking-duck|alcohol|sake|reservations|restaurant,2026-09-28,
morimoto-asia-street-food,Morimoto Asia Street Food,wdw,disney-springs,the-landing,,snack,quick,a-la-carte,asian,1,FALSE,FALSE,FALSE,FALSE,open,28.3709293,-81.51786828,https://disneyworld.disney.go.com/dining/disney-springs/morimoto-asia-street-food/menus/lunch-and-dinner/,https://disneyworld.disney.go.com/dining/disney-springs/morimoto-asia-street-food/menus/lunch-and-dinner/,,,,"A casual, quick-service walk-up window offering delicious pan-Asian street eats and boba tea from Chef Masaharu Morimoto.",dinner|lunch,disney-springs|the-landing|asian|morimoto|snack|quick|alcohol|boba-tea,2026-09-28,
paddlefish,Paddlefish,wdw,disney-springs,the-landing,,restaurant,table,a-la-carte,american,3,TRUE,FALSE,FALSE,TRUE,open,28.37206666,-81.5168437,https://disneyworld.disney.go.com/dining/disney-springs/paddlefish/menus/dinner/,https://disneyworld.disney.go.com/dining/disney-springs/paddlefish/menus/lunch/,,,,"An upscale, multi-level seafood restaurant housed in an iconic, stationary paddleboat offering fresh catches and stunning waterfront views.",dinner|lunch|signature,disney-springs|the-landing|seafood|alcohol|cocktails|beer|wine|restaurant|reservations,2026-09-28,
paradiso-37,Paradiso 37 Taste ofd America,wdw,disney-springs,the-landing,,restaurant,table,a-la-carte,american|latin,2,TRUE,FALSE,FALSE,FALSE,open,28.37112544,-81.51858893,https://disneyworld.disney.go.com/dining/disney-springs/paradiso-37-taste-of-the-americas/menus/dinner/,https://disneyworld.disney.go.com/dining/disney-springs/paradiso-37-taste-of-the-americas/menus/lunch/,,,,"A lively waterfront restaurant featuring a diverse menu inspired by the street foods of North, Central, and South America, paired with an extensive tequila and rum bar.",dinner|lunch,disney-springs|the-landing|latin|american|restaurant|reservations|tequila|rum|cocktails|beer|alcohol,2026-09-28,
pepe-jose-andres,Pepe by Jose Andres,wdw,disney-springs,west-side,,restaurant,quick,a-la-carte,spanish,1,FALSE,FALSE,FALSE,FALSE,open,28.37068793,-81.52140149,https://disneyworld.disney.go.com/dining/disney-springs/pepe/menus/lunch-and-dinner/,https://disneyworld.disney.go.com/dining/disney-springs/pepe/menus/lunch-and-dinner/,,,,"A quick-service walk-up counter serving fast, flavorful Spanish-style hot and cold sandwiches on crispy pan de cristal bread, along with gazpacho and sangria.",lunch|dinner,disney-springs|west-side|spanish|sanwiches|sangria|beer|alcohol|snack|quick,2026-09-28,
pizza-ponte,Pizza Ponte,wdw,disney-springs,the-landing,,restaurant,quick,a-la-carte,italian,1,FALSE,FALSE,FALSE,FALSE,open,28.37081777,-81.51895716,https://disneyworld.disney.go.com/dining/disney-springs/pizza-ponte/menus/lunch-and-dinner/,https://disneyworld.disney.go.com/dining/disney-springs/pizza-ponte/menus/lunch-and-dinner/,,,,"A fast-casual Italian counter serving up massive, Sicilian-style pizza slices, sandwiches, and pastries perfect for a quick and delicious bite.",lunch|dinner,disney-springs|the-landing|italian|restaurant|quick|pizza|sandwich|pastries,2026-09-28,
planet-hollywood,Planet Hollywood,wdw,disney-springs,town-center,,restaurant,table,a-la-carte,american,2,TRUE,FALSE,FALSE,FALSE,open,28.36991457,-81.51878313,https://disneyworld.disney.go.com/dining/disney-springs/planet-hollywood-observatory/menus/dinner/,https://disneyworld.disney.go.com/dining/disney-springs/planet-hollywood-observatory/menus/lunch/,,,,"An immersive, star-studded dining destination housed in a massive four-story observatory, featuring a vast collection of iconic movie memorabilia, classic American cuisine, and a massive 4,500-square-foot video wall.",dinner|lunch,disney-springs|town-center|american|restaurant|reservations|movies|casual|alcohol|beer|cocktails,2026-09-28,
the-polite-pig,The Polite Pig,wdw,disney-springs,town-center,,restaurant,quick,a-la-carte,american,1,FALSE,FALSE,FALSE,FALSE,open,28.37081445,-81.51600879,https://disneyworld.disney.go.com/dining/disney-springs/polite-pig/menus/lunch-and-dinner/,https://disneyworld.disney.go.com/dining/disney-springs/polite-pig/menus/lunch-and-dinner/,,,,"A vibrant Disney Springs eatery serving up modern, locally sourced barbecue and wood-fired smoked meats alongside an impressive selection of bourbon and classic Southern sides.",dinner|lunch,disney-springs|town-center|restaurant|quick|bourbon|alcohol|whiskey|cocktails|barbecue|bbq,2026-09-28,
raglan-road-irish-pub,Raglan Road Irish Pub and Restauarant,wdw,disney-springs,the-landing,,restaurant,table,a-la-carte,irish|american,2,TRUE,FALSE,FALSE,FALSE,open,28.3712958,-81.5177549,https://disneyworld.disney.go.com/dining/raglan-road-irish-pub-and-restaurant/menus/dinner/,https://disneyworld.disney.go.com/dining/raglan-road-irish-pub-and-restaurant/menus/lunch/,https://disneyworld.disney.go.com/dining/raglan-road-irish-pub-and-restaurant/menus/brunch/,,,"A vibrant, authentic Irish eatery featuring award-winning cuisine, live traditional music, and energetic step dancing performances.",lunch|dinner,disney-springs|the-landing|irish|restaurant|reservations|casual|music|alcohol|beer|brunch,2026-09-28,
rainforest-cafe-at-disney-springs,Rainforest Cafe at Disnet Springs Marketplace,wdw,disney-springs,marketplace,,restaurant,table,a-la-carte,american,2,TRUE,FALSE,FALSE,FALSE,open,28.37287066,-81.51568973,https://disneyworld.disney.go.com/dining/disney-springs/rainforest-cafe-disney-springs/menus/dinner/,https://disneyworld.disney.go.com/dining/disney-springs/rainforest-cafe-disney-springs/menus/lunch/,,,,"An immersive, family-friendly dining adventure that brings the sights and sounds of a vibrant tropical rainforest—complete with animatronic animals and indoor thunderstorms—to life.",dinner|lunch,disney-springs|marketplace|alcohol|beer|cocktails|wine|restaurant|kids|tropical|forest|rainforest|reservations,2026-09-28,
salt-and-straw,Salt & Straw,wdw,disney-springs,west-side,,snack,quick,a-la-carte,american,1,FALSE,FALSE,FALSE,FALSE,open,28.37041233,-81.52071723,,,,https://disneyworld.disney.go.com/dining/disney-springs/salt-and-straw/menus/snack/,,"A family-owned, whimsical ice cream shop known for serving uniquely creative, chef-driven flavors made with high-quality, local ingredients.",,disney-springs|west-side|ice-cream|sweets|snack|quick|unique,2026-09-28,
six-ravens,Six Ravens,wdw,disney-springs,the-landing,,restaurant,quick,a-la-carte,american,1,FALSE,FALSE,FALSE,FALSE,open,28.37117994,-81.51829353,https://disneyworld.disney.go.com/dining/disney-springs/six-ravens/menus/,https://disneyworld.disney.go.com/dining/disney-springs/six-ravens/menus/,,,,"A medieval-themed, quick-service hand-pie shop at Disney Springs created by the team behind Gideon's Bakehouse.",dinner|lunch,disney-springs|the-landing|gideons|coffyns|sandwich|unique|restaurant|quick|snack|pie,2026-09-28,
the-smokehouse-at-house-of-blues,The Smokehouse at House of Blues,wdw,disney-springs,west-side,,snack,quick,a-la-carte,american,1,FALSE,FALSE,FALSE,FALSE,open,28.37094193,-81.52202509,https://disneyworld.disney.go.com/dining/disney-springs/smokehouse/menus/lunch-and-dinner/,https://disneyworld.disney.go.com/dining/disney-springs/smokehouse/menus/lunch-and-dinner/,,,,"A casual, outdoor quick-service walk-up window serving slow-cooked barbecue favorites like pulled pork, ribs, and smoked turkey legs.",dinner|lunch,disney-springs|west-side|snack|quick|kiosk|bbq|barbecue|turkey-leg|turkey|ribs,2026-09-29,
splitsville-dining-room,Splitsville Dining Room,wdw,disney-springs,west-side,,restaurant,table,a-la-carte,american,2,TRUE,FALSE,FALSE,FALSE,open,28.37035518,-81.52123192,https://disneyworld.disney.go.com/dining/disney-springs/splitsville/menus/dinner/,https://disneyworld.disney.go.com/dining/disney-springs/splitsville/menus/lunch/,,,,"A vibrant, retro-inspired venue that pairs upscale bowling and live entertainment with an eclectic menu featuring everything from gourmet burgers to fresh, hand-rolled sushi.",dinner|lunch,disney-springs|wes-side|restaurant|american|reservations|alcohol|beer|sushi|burgers|music|retro|bowling,2026-09-29,
starbucks-at-disney-springs-marketplace,Starbucks at Disney Springs Marketplace,wdw,disney-springs,marketplace,,snack,quick,a-la-carte,bakery,1,FALSE,FALSE,FALSE,FALSE,open,28.37131913,-81.51526968,,,,https://disneyworld.disney.go.com/dining/disney-springs/starbucks-at-marketplace/menus/snack/,,A convenient walk-up coffee window next to the World of Disney store where you can grab your favorite drinks and pastries on the go.,,disney-springs|marketplace|bakery|snack|quick|coffee|pastries|sweets|sandwiches|sandwich|refreshments|beverages,2026-09-29,
starbucks-at-disney-springs-west-side,Starbucks at Disney Springs West Side,wdw,disney-springs,west-side,,snack,quick,a-la-carte,bakery,1,FALSE,FALSE,FALSE,FALSE,open,28.37043404,-81.51972562,,,,https://disneyworld.disney.go.com/dining/disney-springs/starbucks-west-side/menus/snack/,,"A spacious, full-service coffee shop offering your favorite drinks, specialty Reserve brews, and expansive indoor and outdoor seating with views of the waterfront.",,disney-springs|west-side|bakery|snack|coffee|quick|pastries|sweets|sandwiches|sandwich|refreshments|beverages,2026-09-29,
stargazers-bar,Stargazers Bar,wdw,disney-springs,town-center,,lounge,table,a-la-carte,american,1,FALSE,FALSE,FALSE,FALSE,open,28.37005247,-81.51896069,,,,,https://disneyworld.disney.go.com/dining/disney-springs/stargazers-bar/menus/,"An outdoor patio lounge at Disney Springs featuring live entertainment, local craft beers, and specialty cocktails right on the waterfront.",,disney-springs|town-center|lounge|bar|alcohol|cocktails|beer,2026-09-29,
stk-steakhouse,STK Steakhouse,wdw,disney-springs,the-landing,,restaurant,table,a-la-carte,american,3,TRUE,FALSE,FALSE,TRUE,open,28.37076289,-81.51864729,https://disneyworld.disney.go.com/dining/disney-springs/stk-steakhouse/menus/dinner/,https://disneyworld.disney.go.com/dining/disney-springs/stk-steakhouse/menus/lunch/,https://disneyworld.disney.go.com/dining/disney-springs/stk-steakhouse/menus/brunch/,,,"A chic, high-energy lounge and modern steakhouse that pairs fine dining and premium steaks with a vibrant, DJ-driven nightlife atmosphere.",signature|lunch|dinner,disney-springs|the-landing|steaks|steakhouse|reservations|restaurant|table|wine|beer|alcohol|cocktails|brunch,2026-09-29,
swirls-on-the-water,Swirsl on the Water,wdw,disney-springs,marketplace,,snack,quick,a-la-carte,american,1,FALSE,FALSE,FALSE,FALSE,open,28.37260814,-81.51565423,,,,https://disneyworld.disney.go.com/dining/disney-springs/swirls-on-the-water/menus/snack/,,"A waterfront kiosk  that serves creative, Disney-themed Dole Whip soft-serve treats and floats.",,disney-springs|marketplace|dole-whip|ice-cream|floats|treats|dessertsnack|quick,2026-09-29,
t-rex-restaurant,T-REX Restaurant,wdw,disney-springs,marketplace,,restaurant,table,a-la-carte,american,2,TRUE,FALSE,FALSE,FALSE,open,28.37130418,-81.51664633,https://disneyworld.disney.go.com/dining/disney-springs/t-rex/menus/dinner/,https://disneyworld.disney.go.com/dining/disney-springs/t-rex/menus/lunch/,,,,"A prehistoric-themed, family-friendly dining experience featuring animatronic dinosaurs, simulated meteor showers, and American comfort food.",lunch|dinner,disney-springs|marketplace|t-rex|kids|alcohol|beer|wine|cocktails|restaurant|table|reservations,2026-09-29,
terralina-crafted-italian,Terralina Crafted Italian,wdw,disney-springs,the-landing,,restaurant,table,a-la-carte,italian,2,TRUE,FALSE,FALSE,FALSE,open,28.3719352,-81.51738569,https://disneyworld.disney.go.com/dining/disney-springs/terralina-crafted-italian/menus/dinner/,https://disneyworld.disney.go.com/dining/disney-springs/terralina-crafted-italian/menus/lunch/,,,,"A waterfront restaurant serving authentic, rustic Italian cuisine inspired by Italy's beautiful Lake District.",lunch|dinner,disney-springs|the-landing|restaurant|table|reservations|italian|wine|alcohol|beer|cocktails|casual,2026-09-29,
vivoli-il-gelato,Vivoli il Gelato,wdw,disney-springs,the-landing,,snack,quick|table,a-la-carte,italian,1,FALSE,FALSE,FALSE,FALSE,open,28.37173092,-81.51792244,,,,https://disneyworld.disney.go.com/dining/disney-springs/vivoli-il-gelato/menus/snack/,,"A world-class, family-run Italian shop serving authentic Florentine gelato, sorbetto, and creative dessert sundaes.",,disney-springs|the-landing|italian|snack|quick|table|gelato|ice-cream|sorbet|dessert|sweets,2026-09-29,
wetzels-pretzels-snack-stand-at-marketplace,Wetzel's PretzelsKiosk at Disney Springs Marketplace,wdw,disney-springs,marketplace,,snack,quick,a-la-carte,american,1,FALSE,FALSE,FALSE,FALSE,open,28.37026159,-81.51925276,,,,https://disneyworld.disney.go.com/dining/disney-springs/wetzels-pretzels/menus/snack/,,"A convenient walk-up snack stand serving fresh-baked sweet and savory pretzels, pretzel dogs, and frozen drinks.",,disney-springs|marketplace|pretzels|frozen-drinks|refreshments|snack|quick,2026-09-29,
wetzels-pretzels-snack-stand-at-west-side,Wetzel's PretzelsKiosk at Disney Springs West Side,wdw,disney-springs,west-side,,snack,quick,a-la-carte,american,1,FALSE,FALSE,FALSE,FALSE,open,28.37024271,-81.51924203,,,,https://disneyworld.disney.go.com/dining/disney-springs/wetzels-pretzels-west-side/menus/snack/,,"A fast-service outdoor walk-up stand offering fresh-baked sweet and savory pretzels, pretzel bites, and frozen lemonades.",,disney-springs|west-side|pretzels|frozen-drinks|refreshments|snack|quick,2026-09-29,
wine-bar-george,Wine Bar George - A Restaurant & Bar,wdw,disney-springs,the-landing,,restaurant,table,a-la-carte|family-style,american,2,TRUE,FALSE,FALSE,FALSE,open,28.37156228,-81.51779063,https://disneyworld.disney.go.com/dining/disney-springs/wine-bar-george/menus/dinner/,https://disneyworld.disney.go.com/dining/disney-springs/wine-bar-george/menus/lunch/,https://disneyworld.disney.go.com/dining/disney-springs/wine-bar-george/menus/brunch/,,,"An award-winning, Master Sommelier-led wine bar and restaurant offering over 200 wines paired with small plates, cheese boards, and family-style sharing dishes.",lunch|dinner,disney-springs|the-landing|wine|alcohol|reservations|american|restaurant|table|family-style|brunch,2026-09-29,
yesake,YeSake,wdw,disney-springs,west-side,,snack,quick,a-la-carte,asian|japanese,1,FALSE,FALSE,FALSE,FALSE,open,28.37021521,-81.5190669,https://disneyworld.disney.go.com/dining/disney-springs/yesake/menus/lunch-and-dinner/,https://disneyworld.disney.go.com/dining/disney-springs/yesake/menus/lunch-and-dinner/,,,,"A casual quick-service walk-up stand offering Japanese-inspired street food, customizable poke bowls, and specialty sake drinks.",lunch|dinner,disney-springs|west-side|asian|japanese|poke|sake|alcohol|snack|quick,2026-09-29,
fife-and-drum-tavern,Fife and Drum Tavern,wdw,epcot,american-adventure,,kiosk,snack,a-la-carte,american,1,FALSE,FALSE,FALSE,FALSE,open,28.367462,-81.549454,,,,https://disneyworld.disney.go.com/dining/epcot/fife-and-drum-tavern/menus/snack/,,"Colonial-looking kiosk known for serving classic theme park snacks like giant turkey legs, popcorn, and frozen slushies.",world-showcase-bar|world-showcase-snack,beer|alcohol|popcorn|turkey-leg|epcot|america|american|snacks|pretzel,2026-09-29,
flying-fish,Flying FIsh,wdw,epcot-resort-area,,boardwalk-inn,restaurant,table,a-la-carte,american|seafood,3,TRUE,FALSE,FALSE,TRUE,open,28.366,-81.556,https://disneyworld.disney.go.com/dining/boardwalk/flying-fish/menus/dinner/,,,,,"Upscale, signature Disney restaurant that serves premium seafood and oak-grilled steaks inside a sophisticated, under-the-sea-themed dining room.",dinner|signature,alcohol|seafood|boardwalk-inn|boardwalk|epcot-resort-area|signature-dining|steakhouse|reservations,2026-09-29,
the-fountain,The Fountain,wdw,epcot-resort-area,,dolphin-hotel,restaurant,table,a-la-carte,american,1,FALSE,FALSE,FALSE,FALSE,open,28.3672,-81.5561,https://disneyworld.disney.go.com/dining/dolphin-hotel/fountain/menus/dinner/,https://disneyworld.disney.go.com/dining/dolphin-hotel/fountain/menus/lunch/,,,,"Retro, 1950s-style diner and soda shop that specializes in classic American food like custom-grilled burgers, thick milkshakes, and decadent ice cream sundaes.",lunch|dinner,alcohol|dolphin-hotel|epcot-resort-area,2026-09-29,
fuel,Fuel,wdw,epcot-resort-area,,dolphin-hotel,restaurant,quick,a-la-carte,american,1,FALSE,FALSE,FALSE,FALSE,open,28.3664,-81.5604,,,,https://disneyworld.disney.go.com/dining/dolphin-hotel/fuel/menus/coffee-%E2%80%93-bakery/,,"Contemporary, grab-and-go cafe that brews barista-made coffee, ready-made snacks, and self-serve Dole Whip for guests on the move.",breakfast|lunch,coffee|pastries|bakery|dolphn-hotel|epcot-resort-area|sandwiches,2026-09-29,
funnel-cake,Funnel Cake,wdw,epcot,american-adventure,,kiosk,snack,a-la-carte,american,1,FALSE,FALSE,FALSE,FALSE,open,28.3676,-81.5494,,,,https://disneyworld.disney.go.com/dining/epcot/funnel-cake/menus/snack/,,"Fresh, golden-brown funnel cakes where you can top your fried dough with everything from traditional powdered sugar to ice cream and seasonal treats.",world-showcase-snack,funnel-cake|epcot|america|american|snacks,2026-09-29,
garden-grill-restaurant,The Garden Grill Restaurant,wdw,epcot,world-nature,,restaurant,table,family-style|prix-fixe,american,3,TRUE,TRUE,TRUE,FALSE,open,28.37396,-81.5522,https://disneyworld.disney.go.com/dining/epcot/garden-grill-restaurant/menus/dinner/,https://disneyworld.disney.go.com/dining/epcot/garden-grill-restaurant/menus/lunch/,https://disneyworld.disney.go.com/dining/epcot/garden-grill-restaurant/menus/breakfast/,,,"Unique, slowly rotating character dining experience that prepares farm-fresh, all-you-care-to-enjoy American food while overlooking scenes from the Living with the Land attraction.",breakfast|lunch|dinner|character-dining,alcohol|family|garden|chip-and-dale|epcot|world-nature|rotating|reservations|mickey,2026-09-29,
garden-grove,Garden Grove,wdw,epcot-resort-area,,swan-hotel,restaurant,table,a-la-carte,american,2,TRUE,FALSE,FALSE,FALSE,open,28.368189,-81.561347,,,https://disneyworld.disney.go.com/dining/swan-hotel/garden-grove/menus/breakfast/,,,A breakfast and brunch Central Park-themed restaurant celebrated for its unique 25-foot indoor oak tree centerpiece.,breakfast,brunch|alcohol|reservations|swan-hotel|epcot-resorts-area|central-park,2026-09-29,
la-gelateria-toscana,La Gelateria Toscana,wdw,epcot,italy,,kiosk,snack,a-la-carte,italian,1,FALSE,FALSE,FALSE,FALSE,open,28.36767,-81.54821,,,,https://disneyworld.disney.go.com/dining/epcot/gelateria-toscana/menus/snack/,,"Charming quick-service walk-up window dishing out authentic Italian gelato, sorbet, pastries, and specialty espresso drinks.",world-showcase-bar|world-showcase-snack,alcohol|gelato|sorbet|snacks|italy|italian|epcot|dessert|limoncello|margarita|coffee,2026-09-29,
geo-82,Geo 82,wdw,epcot,world-celebration,,lounge,lounge,a-la-carte,american,2,TRUE,FALSE,FALSE,FALSE,open,28.37528,-81.54944,https://disneyworld.disney.go.com/dining/epcot/geo-82-lounge/menus/dinner/,https://disneyworld.disney.go.com/dining/epcot/geo-82-lounge/menus/lunch/,,,,"Retro-futuristic, adults-only (21+) lounge nestled directly inside EPCOT’s Spaceship Earth, offering elevated craft cocktails, upscale small plates, and panoramic views of the park.",,lounge|bar|alcohol|epcot|spaceship-earth|snacks|reservations|adults-only,2026-09-29,
grounds,Grounds,wdw,epcot-resort-area,,swan-reserve,restaurant,quick,a-la-carte,american,1,FALSE,FALSE,FALSE,FALSE,open,28.4146,-81.5744,,,,https://disneyworld.disney.go.com/dining/swan-reserve/grounds/menus/coffee-%E2%80%93-bakery/,,"Modern grab-and-go café that prepares craft coffee, fresh pastries, and quick breakfast sandwiches.",,coffee|snacks|swan-hotel|epcot-resorts-area|beverages|bakery|pastries,2026-09-29,
hurly-burly,Hurly Burly,wdw,epcot-resort-area,,boardwalk-inn,lounge,lounge,a-la-carte,american,2,FALSE,FALSE,FALSE,FALSE,open,28.3663,-81.5563,https://disneyworld.disney.go.com/dining/boardwalk/hurly-burly-lounge/menus/dinner/,,,,,"Vintage, seaside-theater-themed venue that features family-friendly games and trivia by day and transforms into a lively, 21+ live music lounge with light bites and craft cocktails by night.",dinner,lounge|bar|alcohol|snacks|music|boardwalk-inn|epcot-resorts-area|trivia|family-friendly|cocktails,2026-09-29,
hurricane-hannas-grill,Hurricane Hannas Grill,wdw,epcot-resort-area,,beach-club-resort,kiosk,quick,a-la-carte,american,1,FALSE,FALSE,FALSE,FALSE,open,28.3703,-81.5575,,https://disneyworld.disney.go.com/dining/beach-club-resort/hurricane-hanna-grill/menus/lunch/,,,https://disneyworld.disney.go.com/dining/beach-club-resort/hurricane-hanna-grill/menus/pool-bar-and-grill/,"Open-air, quick-service pool bar offering classic American grill fare and tropical cocktails right alongside Stormalong Bay.",lunch,beverages|refreshments|alcohol|epcot-resorts-area|beach-club-resort|snacks|pool-bar,2026-09-29,
il-mulino,Il Mulino,wdw,epcot-resort-area,,swan-hotel,restaurant,table,a-la-carte,italian,3,TRUE,FALSE,FALSE,TRUE,open,28.365997,-81.558946,https://disneyworld.disney.go.com/dining/swan-hotel/il-mulino-new-york-trattoria/menus/dinner/,,,,,"Chic, upscale New York-style escape known for its Italian signature dining, such as wood-fired pizzas, handmade pastas, and desserts.",dinner|signature,alcohol|italian|swan-hotel|epcot-resort-area|signature-dining|reservations|pizza|pasta,2026-09-29,
il-mulino-lounge,Il Mulino Lounge,wdw,epcot-resort-area,,swan-hotel,lounge,lounge,a-la-carte,italian,2,FALSE,FALSE,FALSE,FALSE,open,28.3660007,-81.5589327,,,,,https://disneyworld.disney.go.com/dining/swan-hotel/il-mulino-lounge/menus/lounge/,"Stylish, upscale lounge nestled that serves rich Italian-inspired cocktails and hearty Abruzzi fare.",dinner,alcohol|italian|swan-hotel|epcot-resort-area|snacks|light bites,2026-09-29,
java,Java,wdw,epcot-resort-area,,swan-hotel,kiosk,snack,a-la-carte,american,1,FALSE,FALSE,FALSE,FALSE,open,28.368189,-81.561347,,,,https://disneyworld.disney.go.com/dining/swan-hotel/java-bar/menus/coffee-%E2%80%93-bakery/,,"Modern grab-and-go lobby coffee bar offering specialty espresso drinks, fresh breakfast pastries, and light all-day bites.",,coffee|snacks|swan-hotel|epcot-resorts-area|beverages|bakery|pastries,2026-09-30,
joy-of-tea,Joy of Tea,wdw,epcot,china,,kiosk,snack,a-la-carte,chinese,1,FALSE,FALSE,FALSE,FALSE,open,28.3698,-81.5463,,,,https://disneyworld.disney.go.com/dining/epcot/joy-of-tea/menus/snack/,,"Charming walk-up kiosk ithe prepares refreshing bubble teas, specialty cocktails, and light Chinese snacks.",world-showcase-bar|world-showcase-snack,tea|alcohol|china|chinese|epcot|snacks,2026-09-30,
kabuki-cafe,Kabuki Cafe,wdw,epcot,japan,,kiosk,snack,a-la-carte,asian|sushi|japanese,1,FALSE,FALSE,FALSE,FALSE,open,28.367933,-81.550164,,,,https://disneyworld.disney.go.com/dining/epcot/kabuki-cafe/menus/snack/,,"A snack kiosk designed as in a traditional Japanese style that is best known for serving refreshing Japanese shaved ice (kakigōri), sushi, and traditional sake.",world-showcase-bar|world-showcase-snack,sushi|slushie|alcohol|japan|japanese|asian|epcot|snacks|sake,2026-09-30,
katsura-grill,Katsura Grill,wdw,epcot,japan,,restaurant,quick,a-la-carte,japanese|asian,1,FALSE,FALSE,FALSE,FALSE,open,28.3674,-81.5505,https://disneyworld.disney.go.com/dining/epcot/katsura-grill/menus/lunch-and-dinner/,https://disneyworld.disney.go.com/dining/epcot/katsura-grill/menus/lunch-and-dinner/,,,,"Peaceful restaurant tucked away on a hillside that celebrates traditional Japanese staples like teriyaki, sushi, and ramen amidst serene gardens and koi ponds.",world-showcase-bar|world-showcase-snack,sushi|teriyaki|udon|alcohol|japan|japanese|asian|epcot|snacks|sake,2026-09-30,
kimonos,Kimonos,wdw,epcot-resort-area,,swan-hotel,restaurant,table,a-la-carte,asian|sushi|japanese,2,TRUE,FALSE,FALSE,FALSE,open,28.368189,-81.561347,https://disneyworld.disney.go.com/en_CA/dining/swan-hotel/kimonos/menus/dinner/,,,,,"Award-winning Japanese restaurant and sushi bar that pairs fresh, high-quality sushi with lively late-night karaoke at the lounge.",dinner,sushi|seafood|karaoke|alcohol|japan|japanese|asian|epcot-resorts-area|sake|swan-hotel,2026-09-30,
kimonos-lounge,Kimonos Lounge,wdw,epcot-resort-area,,swan-hotel,lounge,lounge,a-la-carte,asian|sushi|japanese,1,FALSE,FALSE,FALSE,FALSE,open,28.3656,-81.5589,,,,,https://disneyworld.disney.go.com/en_CA/dining/swan-hotel/kimonos-lounge/menus/,"Intimate, stylish Japanese bar renowned for its award-winning sushi, specialty sake, and lively nightly karaoke.",dinner,sushi|seafood|karaoke|lounge|bar|alcohol|japan|japanese|asian|epcot-resorts-area|sake|swan-hotel,2026-09-30,
kringla-bakeri-og-kafe,Kringla Bakeri Og Kafe,wdw,epcot,norway,,kiosk,snack,a-la-carte,norwegian,1,FALSE,FALSE,FALSE,FALSE,open,28.370681,-81.546809,,,,https://disneyworld.disney.go.com/en_CA/dining/epcot/kringla-bakeri-og-kafe/menus/snack/,,Charming quick-service Norwegian bakery famous for traditional treats like skolebread and sweet pretzels.,world-showcase-bar|world-showcase-snack,norway|norwegian|bakery|alcohol|pastries|dessert|epcot|snacks|pretzel,2026-09-30,
la-cantina-de-san-angel,La Cantina De San Angel,wdw,epcot,mexico,,restaurant,quick,a-la-carte,mexican,1,FALSE,FALSE,FALSE,FALSE,open,28.3714,-81.5474,https://disneyworld.disney.go.com/en_CA/dining/epcot/cantina-de-san-angel/menus/lunch-and-dinner/,https://disneyworld.disney.go.com/en_CA/dining/epcot/cantina-de-san-angel/menus/lunch-and-dinner/,,,,Open-air counter-service eatery that prepares classic Mexican fare with beautiful waterfront seating.,lunch|dinner|world-showcase-bar|world-showcase-snack,mexico|mexican|epcot|tacos|nachos|alcohol,2026-10-01,
la-cava-del-tequila,La Cava del Tequila,wdw,epcot,mexico,,lounge,lounge,a-la-carte,mexican,1,FALSE,FALSE,FALSE,FALSE,open,28.37144,-81.547222,,,,,https://disneyworld.disney.go.com/en_CA/dining/epcot/cava-del-tequila/menus/bar-%E2%80%93-lounge/,"Intimate, cozy lounge that serves over 200 authentic tequilas, craft margaritas, and light Mexican tapas.",world-showcase-bar,mexico|mexican|epcot|snacks|margarita|alcohol|tequila,2026-10-01,
la-creperie-de-paris,La Creperie de Paris,wdw,epcot,france,,restaurant,table,a-la-carte,french,2,TRUE,FALSE,FALSE,FALSE,open,28.3684932,-81.553475,https://disneyworld.disney.go.com/en_CA/dining/epcot/creperie-de-paris/menus/dinner/,https://disneyworld.disney.go.com/en_CA/dining/epcot/creperie-de-paris/menus/lunch/,https://disneyworld.disney.go.com/en_CA/dining/epcot/creperie-de-paris/menus/breakfast/,,,"Cozy dining experience featuring savory buckwheat galettes, sweet dessert crêpes, and authentic French hard cider inspired by the Brittany region.",breakfast|lunch|dinner|world-showcase-bar,crepes|france|french|epcot|dessert|alcohol|reservations,2026-10-01,
la-hacienda-de-san-angel,La Hacienda de San Angel,wdw,epcot,mexico,,restaurant,table,a-la-carte,mexican,2,TRUE,FALSE,FALSE,FALSE,open,28.371436,-81.547448,https://disneyworld.disney.go.com/en_CA/dining/epcot/hacienda-de-san-angel/menus/dinner/,,,,,Upscale Mexican cuisine and stunning waterfront views of the World Showcase Lagoon while,dinner|world-showcase-bar,mexico|mexican|epcot|reservations|alcohol,2026-10-01,
la-poutinerie,La Poutinerie,wdw,epcot,canada,,kiosk,snack,a-la-carte,canadian,1,FALSE,FALSE,FALSE,FALSE,open,28.371757,-81.550562,,,,https://disneyworld.disney.go.com/en_CA/dining/epcot/la-poutinerie/menus/lunch-and-dinner/,,"Kiosk that cooks up authentic, freshly cut Canadian poutine and specialty drinks.",world-showcase-bar|world-showcase-snack,canada|poutine|snacks|alcohol,2026-10-01,
lagoon-games-lanes-and-eats,"Lagoon: Games, Lanes, and Eats",wdw,epcot-resort-area,,dolphin-hotel,restaurant,quick,a-la-carte,american,2,FALSE,FALSE,FALSE,FALSE,open,28.367,-81.5563,,,,,,"Vibrant, family-friendly venue combining a fast-casual American restaurant with mini-bowling lanes and interactive arcade games.",,epcot-resorts-area|dolphin-hotel|bowling|arcade|snacks|games,2026-10-01,
the-land-cart,The Land Cart,wdw,epcot,world-nature,,kiosk,snack,a-la-carte,american,1,FALSE,FALSE,FALSE,FALSE,open,28.373957,-81.551744,,,,https://disneyworld.disney.go.com/en_CA/dining/epcot/the-land-cart/menus/snack/,,"Outdoor kiosk offering a quick grab-and-go selection of drinks, classic Mickey pretzels, and better-for-you snacks.",,epcot|world-nature|snacks|pretzel|alcohol|refreshments,2026-10-01,
lartisan-des-glaces,L'Artisan des Glaces,wdw,epcot,france,,restaurant,snack,a-la-carte,french,1,FALSE,FALSE,FALSE,FALSE,open,28.36868,-81.55274,,,,https://disneyworld.disney.go.com/en_CA/dining/epcot/l-artisan-des-glaces/menus/snack/,,"Charming, French-inspired ice cream parlor known for its handcrafted, artisanal ice creams, sorbets, and unique boozy ice cream martinis.",world-showcase-bar,epcot|french|france|ice-cream|sorbet|alcohol,2026-10-01,
le-cellier-steakhouse,Le Cellier Steakhouse,wdw,epcot,canada,,restaurant,table,a-la-carte,american|steakhouse|canadian,3,TRUE,FALSE,FALSE,TRUE,open,28.3714,-81.5514,https://disneyworld.disney.go.com/en_CA/dining/epcot/le-cellier-steakhouse/menus/dinner/,https://disneyworld.disney.go.com/en_CA/dining/epcot/le-cellier-steakhouse/menus/lunch/,,,,"Cozy, Canadian-inspired cellar known for its signature filet mignon and legendary Canadian cheddar cheese soup.",dinner|lunch|signature|world-showcase-bar,reservations|epcot|canada|steakhouse|alcohol|cellar,2026-10-01,
le-petit-cafe,Le Petit Cafe,wdw,epcot-resort-area,,riviera-resort,restaurant,quick,a-la-carte,american,1,FALSE,FALSE,FALSE,FALSE,open,28.3660642,-81.5415723,,,,https://disneyworld.disney.go.com/en_CA/dining/riviera-resort/le-petit-cafe/menus/coffee-%E2%80%93-bakery/,,"European-style lobby coffee shop by day and a cozy cocktail lounge by night, inspired by The Aristocats.",breakfast,riviera-resort|epcot-resorts-area|snacks|coffee|tea|pastries,2026-10-01,
leaping-horse-libations,Leaping Horse Libations,wdw,epcot-resort-area,,boardwalk-inn,kiosk,quick,a-la-carte,american,1,FALSE,FALSE,FALSE,FALSE,open,28.366352,-81.556338,,,,,https://disneyworld.disney.go.com/en_CA/dining/boardwalk/leaping-horse-libations/menus/pool-bar/,"Whimsical, carousel-themed poolside bar that delivers refreshing cocktails, quick snacks, and light sandwiches with vintage, amusement-park charm.",,boardwalk-inn|epcot-resorts-area|alcohol|snacks|lounge|pool-bar,2026-10-01,
les-halles-boulangerie-patisserie,Les Halles Boulangerie- Patisserie,wdw,epcot,france,,restaurant,quick,a-la-carte,french,1,FALSE,FALSE,FALSE,FALSE,open,28.368609,-81.553017,https://disneyworld.disney.go.com/en_CA/dining/epcot/les-halles-boulangerie-patisserie/menus/lunch-and-dinner/,https://disneyworld.disney.go.com/en_CA/dining/epcot/les-halles-boulangerie-patisserie/menus/lunch-and-dinner/,,,,"French bakery in Epcot’s France pavilion offering authentic pastries, fresh sandwiches, and classic desserts.",lunch|dinner|world-showcase-bar|world-showcase-snack,epcot|french|france|dessert|pastries|bakery|sandwhiches|alcohol,2026-10-01,
les-vins-des-chefs-de-france,Les Vins des Chef de France,wdw,epcot,france,,kiosk,snack,a-la-carte,french,1,FALSE,FALSE,FALSE,FALSE,open,28.369049,-81.552329,,,,https://disneyworld.disney.go.com/en_CA/dining/epcot/les-vins-des-chefs-de-france/menus/bar-%E2%80%93-lounge/,,"Kiosk offering French wine, champagne, and famous adult frozen slushes.",world-showcase-bar|world-showcase-snack,epcot|french|france|alcohol|slushie,2026-10-01,
lotus-blossom-cafe,Lotus Blossom Cafe,wdw,epcot,china,,restaurant,quick,a-la-carte,chinese|asian,1,FALSE,FALSE,FALSE,FALSE,open,28.37017,-81.54629,https://disneyworld.disney.go.com/en_CA/dining/epcot/lotus-blossom-cafe/menus/lunch-and-dinner/,https://disneyworld.disney.go.com/en_CA/dining/epcot/lotus-blossom-cafe/menus/lunch-and-dinner/,,,,"Restaurant offering Chinese-American comfort foods like orange chicken, potstickers, and fried rice.",lunch|dinner|world-showcase-bar|world-showcase-snack,chinese|china|epcot|alcohol,2026-10-01,
the-market-at-ale-and-compass,The Market at Ale and Compass,wdw,epcot-resort-area,,yacht-club-resort,restaurant,quick,a-la-carte,american,1,FALSE,FALSE,FALSE,FALSE,open,28.3686,-81.5552,https://disneyworld.disney.go.com/en_CA/dining/yacht-club-resort/ale-and-compass-market/menus/lunch-and-dinner/,https://disneyworld.disney.go.com/en_CA/dining/yacht-club-resort/ale-and-compass-market/menus/lunch-and-dinner/,https://disneyworld.disney.go.com/en_CA/dining/yacht-club-resort/ale-and-compass-market/menus/breakfast/,,,"Casual quick-service counter that offers grab-and-go meals, breakfast favorites, and snacks.",dinner|lunch|breakfast,alcohol|yacht-club-resort|bakery|dessert|snacks,2026-10-01,
marketplace-brew-wing-at-the-odyssey,Marketplace - Brew-Wing at the Odyssey,wdw,epcot,world-celebration,,kiosk,quick,a-la-carte,american,1,FALSE,FALSE,FALSE,FALSE,seasonal,28.3722,-81.5483,,,,https://disneyworld.disney.go.com/en_CA/dining/epcot/odyssey/menus/all-day/,,"Vibrant EPCOT festival indoor kitchen serving up unique, experimental chicken wings, craft beers, and famously conversational treats like the pickle milkshake.",,alcohol|epcot|world-celebration|snacks,2026-10-01,
marketplace-festival-favorites,Marketplace - Festival Favorites,wdw,epcot,world-celebration,,kiosk,quick,a-la-carte,american,1,FALSE,FALSE,FALSE,FALSE,seasonal,28.3713,-81.5501,,,,https://disneyworld.disney.go.com/en_CA/dining/epcot/festival-favorites/menus/all-day/,,"Kiosk in CommuniCore Hall that serves a rotating, year-round menu of the most popular dishes from Disney World's various seasonal festivals.",,alcohol|epcot|world-celebration|snacks,2026-10-02,
marthas-vineyard,Marthas Vineyard,wdw,epcot-resort-area,,beach-club-resort,lounge,table,a-la-carte,american,1,FALSE,FALSE,FALSE,FALSE,open,28.371241,-81.55645,,,,,https://disneyworld.disney.go.com/en_CA/dining/yacht-club-resort/marthas-vineyard/menus/bar-%E2%80%93-lounge/,"Laid-back New England beach house-inspired lounge that offers specialty cocktails, a robust wine selection, and casual small bites.",,lounge|bar|alcohol|snacks|beach-club-resort|epcot-resorts-area,2026-10-02,
monsieur-paul,Monsieur Paul,wdw,epcot,france,,restaurant,table,prix-fixe,french,4,TRUE,FALSE,FALSE,TRUE,open,28.3688571,-81.5527052,https://disneyworld.disney.go.com/en_CA/dining/epcot/monsieur-paul/menus/dinner/,,,,,"Upscale, fine-dining restaurant that specializes in an elegant, multi-course gastronomic journey celebrating classic French cuisine.",signature|world-showcase-bar,french|france|epcot|signature-dining|reservations|gastro|alcohol,2026-10-02,
nine-dragons-restaurant,Nine Dragons Restaurant,wdw,epcot,china,,restaurant,table,a-la-carte,chinese|asian,2,TRUE,FALSE,FALSE,FALSE,open,28.3699,-81.5464,https://disneyworld.disney.go.com/en_CA/dining/epcot/nine-dragons-restaurant/menus/dinner/,https://disneyworld.disney.go.com/en_CA/dining/epcot/nine-dragons-restaurant/menus/lunch/,,,,"Eatery that serves familiar, crowd-pleasing Chinese cuisine in an ornately-decorated, traditional Chinese dining room.",lunch|dinner|world-showcase-bar,chinese|china|epcot|alcohol,2026-10-02,
oasis-sweet-and-sips,Oasis Sweet and Sips,wdw,epcot,morocco,,kiosk,lounge,a-la-carte,mediterranean,1,FALSE,FALSE,FALSE,FALSE,open,28.3709,-81.5497,,,,,https://disneyworld.disney.go.com/en_CA/dining/epcot/oasis-sweets-sips/menus/bar-%E2%80%93-lounge/,"Walk-up kiosk that specializes in refreshing frozen cocktails, slushies, and an assortment of sweet Mediterranean pastries like pistachio baklava.",world-showcase-bar|world-showcase-snack,morocco|mediterrean|alcohol|snacks|bakery|pastries,2026-10-02,
phins,Phins,wdw,epcot-resort-area,,dolphin-hotel,lounge,lounge,a-la-carte,american,1,FALSE,FALSE,FALSE,FALSE,open,28.3683,-81.5604,,,,,https://disneyworld.disney.go.com/en_CA/dining/dolphin-hotel/phins/menus/lounge/,"Contemporary, upscale lobby lounge that features custom-crafted cocktails, house-brewed craft beer, and gourmet light bites under a spectacular crystal chandelier.",,lounge|bar|alcohol|dolphin-hotel|epcot-resorts-area,2026-10-02,
pizza-al-taglio,Pizza al Taglio,wdw,epcot,italy,,kiosk,quick,a-la-carte,italian,1,FALSE,FALSE,FALSE,FALSE,open,28.36767,-81.54821,https://disneyworld.disney.go.com/en_CA/dining/epcot/pizza-taglio/menus/lunch-and-dinner/,https://disneyworld.disney.go.com/en_CA/dining/epcot/pizza-taglio/menus/lunch-and-dinner/,,,,"Walk-up window that bakes and sells thick-crust, Sicilian-style pizza by the slice and iIalian alcoholic beverages.",lunch|dinner|world-showcase-bar|world-showcase-snack,pizza|italy|italian|epcot|alcohol|snacks,2026-10-02,
pizza-window,Pizza Window,wdw,epcot-resort-area,,boardwalk-inn,kiosk,quick,a-la-carte,american,1,FALSE,FALSE,FALSE,FALSE,open,28.36726,-81.55575,https://disneyworld.disney.go.com/en_CA/dining/boardwalk/pizza-window/menus/lunch-and-dinner/,https://disneyworld.disney.go.com/en_CA/dining/boardwalk/pizza-window/menus/lunch-and-dinner/,,,,Walk-up quick-service kiosk offering hot pizza by the slice or whole pie with outdoor promenade seating.,lunch|dinner,pizza|boardwalk-inn|epcot-resorts-area|alcohol|snacks,2026-10-02,
primo-piatto,Primo Piatto,wdw,epcot-resort-area,,riviera-resort,restaurant,quick,a-la-carte,american,1,FALSE,FALSE,FALSE,FALSE,open,28.3787,-81.5435,https://disneyworld.disney.go.com/en_CA/dining/riviera-resort/primo-piatto/menus/dinner/,https://disneyworld.disney.go.com/en_CA/dining/riviera-resort/primo-piatto/menus/lunch/,https://disneyworld.disney.go.com/en_CA/dining/riviera-resort/primo-piatto/menus/breakfast/,,,"Upscale, quick-service restaurant that has an elevated American and European-inspired breakfast, lunch, and dinner menu.",breakfast|lunch|dinner,riviera-resort|epcot-resorts-area|snacks|alcohol,2026-10-02,
refreshment-outpost,Refreshment Outpost,wdw,epcot,outpost,,kiosk,quick,a-la-carte,african,1,FALSE,FALSE,FALSE,FALSE,open,28.3715,-81.5487,,,,https://disneyworld.disney.go.com/en_CA/dining/epcot/refreshment-outpost/menus/snack/,,"African-inspired snacks, craft beers, and refreshing beverages.",,refreshments|alcohol|snacks|african|epcot,2026-10-02,
refreshment-station,Refreshment Station,wdw,epcot,world-discovery,,kiosk,snack,a-la-carte,american,1,FALSE,FALSE,FALSE,FALSE,open,28.3718,-81.5476,,,,https://disneyworld.disney.go.com/en_CA/dining/epcot/test-track-cool-wash/menus/snack/,,"Kiosk near Test Track known for serving refreshing, custom-flavored Coca-Cola slushies and cool snacks.",,refreshments|alcohol|coca-cola|african|epcot,2026-10-02,
regal-eagle-smokehouse,Regal Eagle Smokehouse,wdw,epcot,american-adventure,,restaurant,quick,a-la-carte,american,1,FALSE,FALSE,FALSE,FALSE,open,28.367462,-81.549454,https://disneyworld.disney.go.com/en_CA/dining/epcot/regal-eagle-smokehouse/menus/lunch-and-dinner/,https://disneyworld.disney.go.com/en_CA/dining/epcot/regal-eagle-smokehouse/menus/lunch-and-dinner/,,,,Colonial-themed restaurant serving up classic American backyard barbecue.,lunch|dinner|world-showcase-bar|world-showcase-snack,america|epcot|bbq|alcohol,2026-10-02,
rosa-mexicano,Rosa Mexicano,wdw,epcot-resort-area,,dolphin-hotel,restaurant,table,a-la-carte,mexican,2,TRUE,FALSE,FALSE,FALSE,open,28.36687,-81.5605,https://disneyworld.disney.go.com/en_CA/dining/dolphin-hotel/rosa-mexicano/menus/dinner/,https://disneyworld.disney.go.com/en_CA/dining/dolphin-hotel/rosa-mexicano/menus/lunch/,https://disneyworld.disney.go.com/en_CA/dining/dolphin-hotel/rosa-mexicano/menus/breakfast/,,,"Elevated, festive dining experience featuring authentic Mexican cuisine, famous tableside guacamole, and award-winning frozen pomegranate margaritas.",breakfast|lunch|dinner,mexican|epcot-resorts-area|dolphin-hotel|margarita|alcohol|reservations,2026-10-02,
rosa-mexicano-lounnge,Rosa Mexicano Lounge,wdw,epcot-resort-area,,dolphin-hotel,lounge,quick,a-la-carte,mexican,3,FALSE,FALSE,FALSE,FALSE,open,28.3664,-81.5583,,,,,https://disneyworld.disney.go.com/en_CA/dining/dolphin-hotel/rosa-mexicano-lounge/menus/lounge/,"Chic, modern bar specializing in over 100 varieties of tequilas and mezcals alongside award-winning margaritas",,mexican|epcot-resorts-area|dolphin-hotel|margarita|alcohol|lounge|bar,2026-10-02,
rose-and-crown-dining-room,Rose and Crown Dining Room,wdw,epcot,united-kingdom,,restaurant,table,a-la-carte,british,2,TRUE,FALSE,FALSE,FALSE,open,28.37028,-81.55194,https://disneyworld.disney.go.com/en_CA/dining/epcot/rose-and-crown-dining-room/menus/dinner/,,,,,Cozy restaurant celebrating traditional British comfort food with waterfront views of the lagoon.,dinner|world-showcase-bar,united-kingdom|epcot|alcohol|reservations,2026-10-02,
rose-and-crown-pub,Rose and Crown Pub,wdw,epcot,united-kingdom,,lounge,table,a-la-carte,british,1,FALSE,FALSE,FALSE,FALSE,open,28.370499,-81.551676,,,,,https://disneyworld.disney.go.com/en_CA/dining/epcot/rose-and-crown-pub/menus/bar-%E2%80%93-lounge/,Authentic British tavern serving cocktails and lively pints right on the World Showcase lagoon.,world-showcase-bar,united-kingdom|epcot|lounge|pub|bar|alcohol,2026-10-02,
san-angel-inn-restaurante,San Angel Inn Restaurante,wdw,epcot,mexico,,restaurant,table,a-la-carte,mexican,2,TRUE,FALSE,FALSE,FALSE,open,28.3714,-81.5474,https://disneyworld.disney.go.com/en_CA/dining/epcot/san-angel-inn-restaurante/menus/dinner/,https://disneyworld.disney.go.com/en_CA/dining/epcot/san-angel-inn-restaurante/menus/lunch/,,,,"Romantic eatery designed to look like a historic, candlelit hacienda under a twilight sky right next to a smoking volcano and indoor river.",lunch|dinner|world-showcase-bar,mexican|epcot|margarita|alcohol|reservations,2026-10-02,
sebastians-bistro,Sebastians Bistro,wdw,epcot-resort-area,,caribbean-beach-resort,restaurant,table,family-style|prix-fixe,latin,2,TRUE,FALSE,FALSE,FALSE,open,28.363,-81.5426,https://disneyworld.disney.go.com/en_CA/dining/caribbean-beach-resort/sebastians-bistro/menus/dinner/,,,,,"Hidden-gem, waterfront restaurant offering an affordable, flavorful family-style feast of Latin and Caribbean-inspired dishes.",dinner,caribbean-beach-resort|reservations|alcohol|latin|epcot-resorts-area,2026-10-02,
shiki-sai-izakaya-and-sushi,Shiki-Sai: Izakaya and Sushi,wdw,epcot,japan,,restaurant,table,a-la-carte,asian|japanese|sushi,2,TRUE,FALSE,FALSE,FALSE,open,28.367443,-81.550527,https://disneyworld.disney.go.com/en_CA/dining/epcot/shiki-sai-izakaya-and-sushi/menus/dinner/,https://disneyworld.disney.go.com/en_CA/dining/epcot/shiki-sai-izakaya-and-sushi/menus/lunch/,,,,"Vibrant, second-floor gastropub that creates authentic sushi and shareable small plates against a backdrop of sweeping lagoon views.",dinner|lunch|world-showcase-bar,japan|japanese|asian|sushi|reservations|alcohol|epcot,2026-10-02,
sommerfest,Sommerfest,wdw,epcot,germany,,kiosk,quick,a-la-carte,german,1,FALSE,FALSE,FALSE,FALSE,open,28.3681,-81.547,https://disneyworld.disney.go.com/en_CA/dining/epcot/sommerfest/menus/lunch-and-dinner/,https://disneyworld.disney.go.com/en_CA/dining/epcot/sommerfest/menus/lunch-and-dinner/,,,,"Walk-up window that prepares authentic, hearty German bites like bratwurst, jumbo pretzels, and cold beer.",lunch|dinner|world-showcase-bar|world-showcase-snack,epcot|germany|alcohol|pretzel,2026-10-04,
space-220-lounge,Space 220 Lounge,wdw,epcot,world-discovery,,lounge,table,a-la-carte,american,2,TRUE,FALSE,FALSE,FALSE,open,28.3738,-81.547,https://disneyworld.disney.go.com/en_CA/dining/epcot/space-220-lounge/menus/dinner/,https://disneyworld.disney.go.com/en_CA/dining/epcot/space-220-lounge/menus/lunch/,,,,"Stellar, immersive lounge that blasts you 220 miles above Earth to enjoy out-of-this-world drinks and stellar views of space without requiring a full prix-fixe meal.",lunch|dinner,snacks|alcohol|cocktails|lounge|bar|world-discovery|epcot|spaceship-earth|reservations,2026-10-04,
space-220-restaurant,Space 220 Restaurant,wdw,epcot,world-discovery,,restaurant,table,prix-fixe,american,3,TRUE,FALSE,FALSE,FALSE,open,28.3738,-81.547,https://disneyworld.disney.go.com/en_CA/dining/epcot/space-220/menus/dinner/,https://disneyworld.disney.go.com/en_CA/dining/epcot/space-220/menus/lunch/,,,,"Immersive, space-themed restaurant where you ""travel"" 220 miles above Earth via a simulated space elevator to dine inside a futuristic space station with panoramic views of outer space.",lunch|dinner,alcohol|world-discovery|epcot|spaceship-earth|reservations,2026-10-04,
spice-road-table,Spice Road Table,wdw,epcot,morocco,,restaurant,table,a-la-carte,mediterranean,2,TRUE,FALSE,FALSE,FALSE,open,28.368497,-81.551616,https://disneyworld.disney.go.com/en_CA/dining/epcot/spice-road-table/menus/dinner/,,,,,"Mediterranean, waterfront tapas restaurant with a covered patio seating, air-conditioned indoor dining room, and walk-up bar.",dinner|world-showcase-bar,morocco|mediterrean|alcohol|lite-bites|reservations,2026-10-04,
splash-grill-and-terrace,Splash Grill and Terrace,wdw,epcot-resort-area,,swan-hotel,kiosk,quick,a-la-carte,american,1,FALSE,FALSE,FALSE,FALSE,open,28.3683,-81.5581,,,,,https://disneyworld.disney.go.com/en_CA/dining/swan-hotel/splash-grill-and-terrace/menus/pool-bar/,"Relaxed, open-air spot offering refreshing cocktails, burgers, and light poolside bites",,pool-bar|lounge|alcohol|refreshments|swan-hotel|epcot-resorts-area|lite-bites,2026-10-04,
spyglass-grill,Spyglass Grill,wdw,epcot-resort-area,,caribbean-beach-resort,kiosk,quick,a-la-carte,american,1,FALSE,FALSE,FALSE,FALSE,open,28.3582,-81.5456,https://disneyworld.disney.go.com/en_CA/dining/caribbean-beach-resort/spyglass-grill/menus/lunch-and-dinner/,https://disneyworld.disney.go.com/en_CA/dining/caribbean-beach-resort/spyglass-grill/menus/lunch-and-dinner/,https://disneyworld.disney.go.com/en_CA/dining/caribbean-beach-resort/spyglass-grill/menus/breakfast/,,,Pool-side walk-up counter that serves American cuisine with a flavorful Caribbean twist and tropical cocktails.,dinner|lunch|breakfast,caribbean-beach-resort|alcohol|epcot-resorts-area,2026-10-04,
stir,Stir,wdw,epcot-resort-area,,swan-reserve,lounge,table,a-la-carte,american,1,FALSE,FALSE,FALSE,FALSE,open,28.3646,-81.5583,,,,,https://disneyworld.disney.go.com/en_CA/dining/swan-reserve/stir/menus/lounge/,Tropical lobby lounge at the Walt Disney World Swan Reserve that serves specialty cocktails and light bites.,,lounge|bar|alcohol|lite-bites|swan-reserve|epcot-resorts-area|snacks,2026-10-04,
sunshine-seasons,Sunshine Seasons,wdw,epcot,world-nature,,restaurant,quick,a-la-carte,american,1,FALSE,FALSE,FALSE,FALSE,open,28.3739719,-81.5518168,,https://disneyworld.disney.go.com/en_CA/dining/epcot/sunshine-seasons/menus/lunch/,https://disneyworld.disney.go.com/en_CA/dining/epcot/sunshine-seasons/menus/breakfast/,https://disneyworld.disney.go.com/en_CA/dining/epcot/sunshine-seasons/menus/snack/,,"Vibrant, food-court-style eatery in The Land pavilion offering a diverse variety of fresh, quick-service meal options and alcoholic drinks.",breakfast|lunch|dinner,snacks|alcohol|land-pavilion|world-nature|epcot|food-court,2026-10-04,
takumi-tei-restaurant,Takumi-Tei Restaurant,wdw,epcot,japan,,restaurant,table,prix-fixe,asian|japanese|sushi,4,TRUE,FALSE,FALSE,TRUE,open,28.367869,-81.55089,https://disneyworld.disney.go.com/en_CA/dining/epcot/takumi-tei-restaurant/menus/dinner/,,,,,"Upscale, signature dining restaurant tha celebrates Japanese culture with an immersive and multi-course omakase culinary experience. Guests age 8 and up are welcome.",dinner|signature|world-showcase-bar,japan|japanese|seafood|signature-dining|asian|sushi|reservations|alcohol|epcot,2026-10-04,
tangerine-pool-bar,Tangerine Pool Bar,wdw,epcot-resort-area,,swan-reserve,lounge,quick,a-la-carte,american,1,FALSE,FALSE,FALSE,FALSE,open,28.3653,-81.5583,,https://disneyworld.disney.go.com/en_CA/dining/swan-reserve/tangerine/menus/pool-bar/,,,,"Poolside bar and restaurant offering signature cocktails, casual American bites, and its famous tangerine-flavored popsicles in a laid-back outdoor setting.",lunch,lounge|bar|alcohol|lite-bites|swan-reserve|epcot-resorts-area|snacks,2026-10-04,
tangierine-cafe-flavors-of-the-medina,Tangierine Cafe: Flavors of the Medina,wdw,epcot,morocco,,kiosk,quick,a-la-carte,mediterranean|moroccan,1,FALSE,FALSE,FALSE,FALSE,open,28.3729872,-81.5472845,,,,https://disneyworld.disney.go.com/en_CA/dining/epcot/tangierine-cafe/menus/lunch-and-dinner/,,"Walk-up, festival-inspired eatery where you can quickly grab Moroccan street-food bites amidst stunning mosaic tilework.",world-showcase-bar|world-showcase-snack,morocco|moroccan|mediterrean|alcohol|lite-bites|snacks,2026-10-04,
teppan-edo,Teppan Edo,wdw,epcot,japan,,restaurant,table,a-la-carte,asian|japanese|sushi,2,TRUE,FALSE,FALSE,FALSE,open,28.3674,-81.5505,https://disneyworld.disney.go.com/en_CA/dining/epcot/teppan-edo/menus/dinner/,https://disneyworld.disney.go.com/en_CA/dining/epcot/teppan-edo/menus/lunch/,,,,"Lively Japanese hibachi restaurant where chefs skillfully grill steak, chicken, and seafood right at your table with entertaining showmanship.",dinner|world-showcase-bar,japan|japanese|seafood|hibachi|asian|sushi|reservations|alcohol|epcot,2026-10-04,
espn-wide-world-of-sports-grill,ESPN Wide World of Sports Grill,wdw,wide-world-of-sports,,,restaurant,quick,a-la-carte,american,1,FALSE,FALSE,FALSE,FALSE,open,28.33829876,-81.5563681,https://disneyworld.disney.go.com/dining/wide-world-of-sports/espn-wide-world-sports-grill/menus/lunch-and-dinner/,https://disneyworld.disney.go.com/dining/wide-world-of-sports/espn-wide-world-sports-grill/menus/lunch-and-dinner/,,,,A casual quick-service restaurant serving affordable American comfort food like burgers and wings.,lunch|dinner,american|restaurant|quick|espan|sports|burgers|wings|wide-world-of-sports|alcohol|beer|sports-resort,2026-10-04,
funnel-cake-cart,Funnel Cake Cart,wdw,epcot-resort-area,,boardwalk-inn,snack,quick,a-la-carte,american,1,FALSE,FALSE,FALSE,FALSE,permanently-closed,28.36819657,-81.54998256,,,,https://disneyworld.disney.go.com/dining/boardwalk/funnel-cake-cart/menus/,,"A popular quick-service kiosk serving classic, crispy fried funnel cakes topped with powdered sugar, ice cream, or seasonal fruits. Currently, temporary-closed.",,boardwalk|epcot|american|snack|quick|funnel-cakes|ice-cream|fruit|sweets|dessert|closed,2026-10-04,
todd-englishs-bluezoo,Todd Englishs bluezoo,wdw,epcot-resort-area,,dolphin-hotel,restaurant,table,a-la-carte,american|seafood,3,TRUE,FALSE,FALSE,TRUE,open,28.366352,-81.556338,https://disneyworld.disney.go.com/en_CA/dining/dolphin-hotel/todd-english-bluezoo/menus/dinner/,,,,,"Upscale, award-winning seafood restaurant featuring coastal cuisine in a vibrant, under-the-sea-inspired atmosphere.",dinner|signature,dolphin-hotel|seafood|signature-dining|reservations|alcohol,2026-10-04,
todd-englishs-bluezoo-lounge,Todd Englishs bluezoo Lounge,wdw,epcot-resort-area,,dolphin-hotel,lounge,table,a-la-carte,american|seafood,1,FALSE,FALSE,FALSE,FALSE,open,28.3669,-81.5563,,,,,https://disneyworld.disney.go.com/en_CA/dining/dolphin-hotel/todd-english-bluezoo-lounge/menus/lounge/,"Sleek, upscale, underwater-themed lounge that provides craft cocktails and gourmet bar bites.",,dolphin-hotel|lite-bites|lounge|bar|seafood|alcohol,2026-10-04,
toledo-tapas-steaks-and-seafood,"Toledo - Tapas, Steak & Seafood",wdw,ak-resort-area,,coronado-springs-resort,restaurant,table,a-la-carte,seafood|spanish|steakhouse,3,TRUE,FALSE,FALSE,FALSE,open,28.3639613,-81.57156583,https://disneyworld.disney.go.com/dining/coronado-springs-resort/toledo/menus/dinner/,,,,,"A rooftop table-service restaurant at Disney's Coronado Springs Resort offering Spanish-inspired cuisine, steaks, and seafood paired with sweeping, panoramic views.",dinner,animal-kingdom-resort-area|coronado-springs-resort|seafood|steakhouse|spanish|bar|lounge|casual|restaurant|reservations|table|cocktails|alcohol|rooftop|beer|wine,2026-10-04,
topolinos-terrace-flavors-of-the-riviera,Topolinos Terrace - Flavors of the Riviera,wdw,epcot-resort-area,,riviera-resort,restaurant,table,a-la-carte|prix-fixe,french|italian,3,TRUE,FALSE,TRUE,TRUE,open,28.3563,-81.5358,https://disneyworld.disney.go.com/en_CA/dining/riviera-resort/topolinos-terrace/menus/dinner/,,https://disneyworld.disney.go.com/en_CA/dining/riviera-resort/topolinos-terrace/menus/breakfast/,,,"Rooftop Disney restaurant offering elegant Riviera-inspired dining, panoramic views, and a popular character breakfast.",breakfast|character-dining|dinner|signature,riviera-resort|epcot-resorts-area|reservations|signaure-dining|alcohol,2026-10-04,
the-artists-palette,The Artists Palette,wdw,springs-resort-area,,saratoga-springs-resort-and-spa,restaurant,quick,a-la-carte,american,1,FALSE,FALSE,FALSE,FALSE,open,28.37636075,-81.52266283,https://disneyworld.disney.go.com/dining/saratoga-springs-resort-and-spa/artists-palette/menus/dinner/,https://disneyworld.disney.go.com/dining/saratoga-springs-resort-and-spa/artists-palette/menus/lunch/,https://disneyworld.disney.go.com/dining/saratoga-springs-resort-and-spa/artists-palette/menus/breakfast/,,,"A vibrant, quick-service dining location and gift shop themed after an artist's studio.",lunch|dinner|breakfast,springs-resort-area|saratoga-springs-resort-and-spa|restaurant|quick|family|art|artist,2026-10-04,
trattoria-al-forno,Trattoria al Forno,wdw,epcot-resort-area,,boardwalk-inn,restaurant,table,a-la-carte,italian,2,TRUE,FALSE,FALSE,FALSE,open,28.36746141,-81.55579906,https://disneyworld.disney.go.com/en_CA/dining/boardwalk/trattoria-al-forno/menus/dinner/,,https://disneyworld.disney.go.com/en_CA/dining/boardwalk/trattoria-al-forno/menus/breakfast/,,,"Up-beat, family-friendly Italian restaurant that prepares authentic, hearty classic dishes in a warm and inviting atmosphere.",breakfast|dinner,reservations|italian|boardwalk-inn|epcot-resorts-area|alcohol,2026-10-04,
backstretch-pool-bar,Backstretch Pool Bar,wdw,springs-resort-area,,saratoga-springs-resort-and-spa,lounge,quick,a-la-carte,american,1,FALSE,FALSE,FALSE,FALSE,open,28.37788487,-81.52378089,,,,,https://disneyworld.disney.go.com/dining/saratoga-springs-resort-and-spa/backstretch-pool-bar/menus/,"A relaxed, Saratoga-themed poolside spot that serves refreshing drinks and quick-service snacks next to the Paddock Pool.",,springs-resort-area|saratoga-springs-resort-and-spa|lounge|bar|quick|poolside|alcohol|beverages|refreshments|snacks,2026-10-04,
tutto-gusto-wine-cellar,Tutto Gusto Wine Cellar,wdw,epcot,italy,,lounge,table,a-la-carte,italian,1,FALSE,FALSE,FALSE,FALSE,open,28.3675,-81.548,,,,,https://disneyworld.disney.go.com/en_CA/dining/epcot/tutto-gusto-wine-cellar/menus/bar-%E2%80%93-lounge/,"Cozy, cave-like Italian wine bar serving over 200 bottles of wine and small plates.",world-showcase-bar,italian|italy|epcot|alcohol|lite-bites|snacks,2026-10-04,
tutto-italia-ristorante,Tutto Italia Ristorante,wdw,epcot,italy,,restaurant,table,a-la-carte,italian,2,TRUE,FALSE,FALSE,FALSE,open,28.3674113,-81.5480377,https://disneyworld.disney.go.com/en_CA/dining/epcot/tutto-italia-ristorante/menus/dinner/,https://disneyworld.disney.go.com/en_CA/dining/epcot/tutto-italia-ristorante/menus/lunch/,,,,"Elegant restaurant that dishes up authentic, Italian classics like handmade pasta and regional specialties in a sophisticated, Old World setting.",lunch|dinner|world-showcase-bar,italian|italy|epcot|alcohol|reservations,2026-10-04,
barcelona-lounge,Barcelona Lounge,wdw,ak-resort-area,,coronado-springs-resort,lounge,table|quick,a-la-carte,american,1,FALSE,FALSE,FALSE,FALSE,open,28.36358862,-81.57176426,,,https://disneyworld.disney.go.com/dining/coronado-springs-resort/barcelona-lounge/menus/breakfast/,,https://disneyworld.disney.go.com/dining/coronado-springs-resort/barcelona-lounge/menus/lounge/,A Spanish-inspired espresso bar by day and a vibrant cocktail lounge by night.,breakfast,animal-kingdom-resort-area|coronado-springs-resort|lounge|bar|espresso|cocktails|beer|alcohol|spanish,2026-10-04,
uk-beer-cart,UK Beer Cart,wdw,epcot,united-kingdom,,cart,snack,a-la-carte,british|irish,1,FALSE,FALSE,FALSE,FALSE,open,28.37028,-81.55194,,,,,https://disneyworld.disney.go.com/en_CA/dining/epcot/uk-beer-cart/menus/bar-%E2%80%93-lounge/,Outdoor walk-up cart/kiosk that delivers frosty pints of British and Irish beer and cider.,world-showcase-bar|world-showcase-snack,united-kingdom|british|irish|beer|alcohol|epcot,2026-10-04,
via-napoli-ristorante-e-pizzeria,Via Napoli Ristorante e Pizzeria,wdw,epcot,italy,,restaurant,table,a-la-carte,italian,2,TRUE,FALSE,FALSE,FALSE,open,28.367195,-81.548227,https://disneyworld.disney.go.com/en_CA/dining/epcot/via-napoli/menus/dinner/,https://disneyworld.disney.go.com/en_CA/dining/epcot/via-napoli/menus/lunch/,,,,"Lively eatery famous for serving authentic, wood-fired Neapolitan pizza and classic Italian dishes in a vibrant family atmosphere.",lunch|dinner|world-showcase-bar,pizza|italy|italian|epcot|alcohol|reservations,2026-10-04,
cafe-rix,Cafe Rix,wdw,ak-resort-area,,coronado-springs-resort,snack,quick,a-la-carte,american,1,FALSE,FALSE,FALSE,FALSE,open,28.36282058,-81.57314639,,https://disneyworld.disney.go.com/dining/coronado-springs-resort/cafe-rix/menus/lunch/,https://disneyworld.disney.go.com/dining/coronado-springs-resort/cafe-rix/menus/breakfast/,,,"A convenient grab-and-go counter perfect for picking up quick pastries, specialty coffees, and artisan gelato on your way to the parks.",breakfast|lunch,animal-kingdom-resort-area|coronado-springs-resort|quick|pastries|coffee|gelato|dessert|sweets,2026-10-04,
chip-n-dale-cafe,Chip 'n' Dal's Cafe at Disney's Lake Buena Vista Golf Course,wdw,springs-resort-area,,saratoga-springs-resort-and-spa,snack,quick,a-la-carte,american,1,FALSE,FALSE,FALSE,FALSE,open,28.37622797,-81.52313953,,https://disneyworld.disney.go.com/dining/saratoga-springs-resort-and-spa/chip-n-dales-cafe/menus/lunch/,,,,"A convenient quick-service snack stand offering budget-friendly deli sandwiches, breakfast items, and drinks for golfers and resort guests.",lunch|breakfast,springs-resort-area|saratoga-springs-resort-and-spa|sandwiches|golf|snacks|drinks|beverages|refreshments,2026-10-04,
yachtsman-steakhouse,Yachtsman Steakhouse,wdw,epcot-resort-area,,yacht-club-resort,restaurant,table,a-la-carte,american|steakhouse,3,TRUE,FALSE,FALSE,TRUE,open,28.37101,-81.55815,https://disneyworld.disney.go.com/en_CA/dining/yacht-club-resort/yachtsman-steakhouse/menus/dinner/,,,,,"Upscale, New England-style steakhouse offering premium steaks and seafood in a sophisticated, nautical setting.",signature,yacht-club-resort|epcot-resorts-area|steakhouse|signature-dining|reservations|alcohol,2026-10-04,
dahlia-lounge,Dahlia Lounge,wdw,ak-resort-area,,coronado-springs-resort,lounge,table,a-la-carte,spanish,1,FALSE,FALSE,FALSE,FALSE,open,28.36358772,-81.57158267,,,,,https://disneyworld.disney.go.com/dining/coronado-springs-resort/dahlia-lounge/menus/,"A stylish, rooftop lounge that offers Spanish-inspired tapas, craft cocktails, and panoramic views.",,animal-kingdom-resort-area|coronado-springs-resort|lounge|bar|scenic|drinks|alcohol|cocktails|beer|wine,2026-10-04,
yorkshire-county-fish-shop,Yorkshire County Fish Shop,wdw,epcot,united-kingdom,,kiosk,quick,a-la-carte,british|american,1,FALSE,FALSE,FALSE,FALSE,open,28.370418,-81.551638,,,,https://disneyworld.disney.go.com/en_CA/dining/epcot/yorkshire-county-fish-shop/menus/lunch-and-dinner/,,"Walk-up window that dishes out hot, freshly fried beer-battered fish and thick-cut chips.",lunch|dinner|world-showcase-bar|world-showcase-snack,united-kingdom|british|snacks|fish-and-chips|beer|alcohol|epcot,2026-10-04,
el-mercado-de-coronado,El Mercado De Coronado,wdw,ak-resort-area,,coronado-springs-resort,restaurant,quick,a-la-carte,american|mexican,1,FALSE,FALSE,FALSE,FALSE,open,28.3623969,-81.57359826,https://disneyworld.disney.go.com/dining/coronado-springs-resort/mercado-coronado/menus/dinner/,https://disneyworld.disney.go.com/dining/coronado-springs-resort/mercado-coronado/menus/lunch/,https://disneyworld.disney.go.com/dining/coronado-springs-resort/mercado-coronado/menus/breakfast/,,,"A spacious, quick-service food court that offers a diverse variety of American and Mexican-inspired meals in a casual, market-style setting.",dinner|lunch|breakfast,animal-kingdom-resort-area|coronado-springs-resort|restaurant|quick|mexican|american|family|casual,2026-10-04,
goods-food-to-go,Good's Food to Go,wdw,springs-resort-area,,old-key-west-resort,snack,quick,a-la-carte,american,1,FALSE,FALSE,FALSE,FALSE,open,28.37520502,-81.53342249,https://disneyworld.disney.go.com/dining/old-key-west-resort/goods-food-to-go/menus/lunch-and-dinner/,https://disneyworld.disney.go.com/dining/old-key-west-resort/goods-food-to-go/menus/lunch-and-dinner/,https://disneyworld.disney.go.com/dining/old-key-west-resort/goods-food-to-go/menus/breakfast/,,,"A casual, walk-up quick-service window that serves classic American grab-and-go meals and poolside snacks like burgers, sandwiches, and Key Lime Dole Whip.",lunch|dinner|breakfast,springs-resort-area|old-key-west-resort|snack|quick|burgers|pretzels|beverages|refreshments|sandwiches|dole-whip|american|kids|alcohol,2026-10-04,
gurgling-suitcase,Gurgling Suitcase,wdw,springs-resort-area,,old-key-west-resort,lounge,table,a-la-carte,american,1,FALSE,FALSE,FALSE,FALSE,open,28.37516726,-81.53340103,,,,,https://disneyworld.disney.go.com/dining/old-key-west-resort/gurgling-suitcase-libations-and-spirits/menus/lounge/,"An ultra-cozy, Prohibition-themed ""hole-in-the-wall"" bar known for its tiny footprint, quirky local decor, and strong tropical cocktails.",,springs-resort-area|old-key-west-resort|lounge|bar|cocktails|beer|wine|drinks|tropical|cozy|beverages,2026-10-04,
laguna-bar,Laguna Bar,wdw,springs-resort-area,,old-key-west-resort,lounge,table,a-la-carte,american,1,FALSE,FALSE,FALSE,FALSE,open,28.36323226,-81.57310013,,,,,https://disneyworld.disney.go.com/dining/coronado-springs-resort/laguna-bar/menus/lounge/,"A breezy, open-air lakeside lounge that specializes in handcrafted tequila and mezcal cocktails with a relaxing tropical vibe.",,springs-resort-area|old-key-west-resort|lounge|bar|american|cocktails|beer|wine|tropical|mezcal|tequila|lakeside,2026-10-04,
maya-grill,Maya Grill,wdw,ak-resort-area,,coronado-springs-resort,restaurant,table,a-la-carte,american|mexican|seafood|steakhouse,2,TRUE,FALSE,FALSE,FALSE,open,28.3630066,-81.57387752,https://disneyworld.disney.go.com/dining/coronado-springs-resort/maya-grill/menus/dinner/,,,,,"An under-the-radar, table-service restauran serving upscale Mexican and Tex-Mex cuisine inside a grand, temple-inspired dining room.",dinner,animal-kingdom-resort-area|coronado-springs-resort|restaurant|reservations|table|american|mexican|seafood|steakhouse|tex-mex|casual|alcohol|beer|wine|cocktails,2026-10-04,
olivias-cafe,Olivia's Cafe,wdw,springs-resort-area,,old-key-west-resort,restaurant,table,a-la-carte,american,2,FALSE,FALSE,FALSE,FALSE,open,28.37536764,-81.53349553,https://disneyworld.disney.go.com/dining/old-key-west-resort/olivia-cafe/menus/dinner/,,https://disneyworld.disney.go.com/dining/old-key-west-resort/olivia-cafe/menus/brunch/,,,"A casual, nautical-themed table-service restaurant known for its relaxed Florida Keys vibe and hearty home-style comfort food.",dinner,springs-resort-area|old-key-west-resort|brunch|restaurant|table|comfort|casual|alcohol|american,2026-10-04,
on-the-rocks-pool-bar,On the Rocks Pool Bar,wdw,springs-resort-area,,saratoga-springs-resort-and-spa,lounge,quick,a-la-carte,american,1,FALSE,FALSE,FALSE,FALSE,open,28.37683061,-81.52191413,,,,,https://disneyworld.disney.go.com/dining/saratoga-springs-resort-and-spa/on-the-rocks/menus/,"A casual, poolside lounge offering refreshing specialty cocktails, beer, wine, and light snacks right next to the High Rock Spring Pool.",,springs-resort-area|saratoga-springs-resort-and-spa|lounge|bar|pool|quick|snacks|alcohol|cocktails|beer|wine,2026-10-04,
the-paddock-grill,The Paddock Grill,wdw,springs-resort-area,,saratoga-springs-resort-and-spa,lounge,quick,a-la-carte,american,1,FALSE,FALSE,FALSE,FALSE,open,28.37915593,-81.5198066,https://disneyworld.disney.go.com/dining/saratoga-springs-resort-and-spa/paddock-grill/menus/dinner/,https://disneyworld.disney.go.com/dining/saratoga-springs-resort-and-spa/paddock-grill/menus/lunch/,https://disneyworld.disney.go.com/dining/saratoga-springs-resort-and-spa/paddock-grill/menus/breakfast/,,,"A convenient, walk-up quick-service kiosk that serves American comfort classics, breakfast, and refreshing cocktails right by the poolside.",lunch|dinner|breakfast,springs-resort-area|saratoga-springs-resort-and-spa|lounge|quick|american|pool|poolside|alcohol|cocktails|beer|wine|refreshments|beverages|snacks,2026-10-04,
rix-sports-bar-and-grill,Rix Sports Bar & Grill,wdw,ak-resort-area,,coronado-springs-resort,restaurant,table,a-la-carte,american,1,TRUE,FALSE,FALSE,FALSE,open,28.36242372,-81.57322817,https://disneyworld.disney.go.com/dining/coronado-springs-resort/rix-sports-bar/menus/dinner/,https://disneyworld.disney.go.com/dining/coronado-springs-resort/rix-sports-bar/menus/lunch/,https://disneyworld.disney.go.com/dining/coronado-springs-resort/rix-sports-bar/menus/breakfast/,,,"An upscale, casual lounge that pairs a unique spin on classic pub food and handcrafted cocktails with 31 TVs for catching the big game.",dinner|lunch|breakfast,animal-kingdom-resort-area|coronado-springs-resort|restaurant|american|reservations|table|lounge|bar|sports|pub|alcohol|cocktails|beer|wine,2026-10-04,
siestas-cantina,Siestas Cantina,wdw,ak-resort-area,,coronado-springs-resort,lounge,quick,a-la-carte,american,1,FALSE,FALSE,FALSE,FALSE,open,28.3653918,-81.5735621,,,,,https://disneyworld.disney.go.com/dining/coronado-springs-resort/siestas-cantina/menus/,"A casual, quick-service pool bar where guests can enjoy specialty cocktails and relaxed, Mexican-inspired small bites right by the water.",,animal-kingdom-resort-area|coronado-springs-resort|bar|lounge|quick|american|alcohol|cocktails|beer|mexican|pool|poolside|snacks,2026-10-04,
three-bridges-bar-and-grill,Three Bridges Bar & Grill at Villa Del Lago,wdw,ak-resort-area,,coronado-springs-resort,restaurant,table,a-la-carte,latin,2,FALSE,FALSE,FALSE,FALSE,open,28.36435238,-81.5739604,https://disneyworld.disney.go.com/dining/coronado-springs-resort/three-bridges/menus/dinner/,,,,,"A scenic, open-air, over-the-water restaurant located in the middle of the lake.",dinner,animal-kingdom-resort-area|coronado-springs-resort|scenic|lake|bar|lounge|restaurant|latin|alcohol,2026-10-04,
the-turf-club-bar-and-grill,The Turf Club Bar & Grill,wdw,springs-resort-area,,saratoga-springs-resort-and-spa,restaurant,table,a-la-carte,american,2,FALSE,FALSE,FALSE,FALSE,open,28.37623793,-81.52306239,https://disneyworld.disney.go.com/dining/saratoga-springs-resort-and-spa/turf-club-bar-and-grill/menus/dinner/,,,,,"An equestrian-themed hidden gem serving classic American comfort food in a relaxed, racetrack clubhouse setting overlooking scenic golf course greens.",dinner,springs-resort-area|saratoga-springs-resort-and-spa|restaurant|bar|lounge|american|comfort|casual|racetrack|golf-course|alcohol,2026-10-04,
booatwrights-dining-hall,Boatwright's Dining Hall,wdw,springs-resort-area,,port-orleans-riverside,restaurant,table,a-la-carte,american,2,FALSE,FALSE,FALSE,FALSE,open,28.38662681,-81.53687083,https://disneyworld.disney.go.com/dining/port-orleans-resort-riverside/boatwright-dining-hall/menus/dinner/,,,,,"A casual, ship-builder themed restaurant that serves hearty, Southern-style Cajun and Creole comfort food in a rustic setting featuring the skeleton of a wooden boat hull overhead.",dinner,springs-resort-area|port-orleans-riverside|alcohol|cajun|southern|creole|comfort|casual,2026-10-05,
boma-flavors-of-africa,Boma - Flavors of Africa,wdw,ak-resort-area,,animal-kingdom-lodge,restaurant,table,buffet,american|african,3,FALSE,FALSE,FALSE,FALSE,open,28.3526464,-81.60320789,https://disneyworld.disney.go.com/dining/animal-kingdom-lodge/boma-flavors-of-africa/menus/dinner/,,https://disneyworld.disney.go.com/dining/animal-kingdom-lodge/boma-flavors-of-africa/menus/breakfast/,,,"A lively, all-you-can-eat buffet featuring a diverse mix of bold African-inspired dishes and familiar American favorites.",dinner|breakfast,animal-kingdom|ak-resort-area|animal-kingdom-lodge|african|american|buffet|restaurant|alcohol,2026-10-05,
cape-town-lounge-and-wine-bar,Cape Town Lounge & Wine Bar,wdw,ak-resort-area,,animal-kingdom-lodge,lounge,table,a-la-carte,african,1,FALSE,FALSE,FALSE,FALSE,open,28.35925907,-81.60422463,,,,,https://disneyworld.disney.go.com/dining/animal-kingdom-lodge/cape-town-lounge-and-wine-bar/menus/,"An intimate, cozy watering hole that specializes in South African wines and appetizers, while also offering the full menu from the adjacent signature restaurant, Jiko – The Cooking Place.",,animal-kingdom|ak-resort-area|animal-kingdom-lodge|african|lounge|bar|alcohol|cocktails|wine|beer|appetizers,2026-10-05,
jiko-the-cooking-place,Jiko - The Cooking Place,wdw,ak-resort-area,,animal-kingdom-lodge,restaurant,table,a-la-carte,african,3,TRUE,FALSE,FALSE,TRUE,open,28.35231476,-81.60324883,https://disneyworld.disney.go.com/dining/animal-kingdom-lodge/jiko-the-cooking-place/menus/dinner/,,,,,"A vibrant, upscale restaurant that serves a unique blend of traditional African, Indian, and Mediterranean cuisine paired with an award-winning selection of South African wines.",signature|dinner,animal-kingdom|ak-resort-area|animal-kingdom-lodge|african|restaurant|fine|reservations|mediterranean|alcohol|wine|cocktails|indian,2026-10-05,
kidani-village-breakfast-at-sanaa,Kidani Village Breakfast at Sanaa,wdw,ak-resort-area,,animal-kingdom-villas-kidani-village,restaurant,quick,a-la-carte,african|indian,2,FALSE,FALSE,FALSE,FALSE,open,28.35426156,-81.60552813,,,https://disneyworld.disney.go.com/dining/animal-kingdom-villas-kidani/sanaa-breakfast/menus/breakfast/,,,"A quiet, quick-service morning meal featuring African- and Indian-inspired flavors alongside stunning views of roaming savanna animals.",breakfast,animal-kingdom|ak-resort-area|animal-kingdom-villas-kidani-village|african|indian|restaurant|quick,2026-10-05,
maji-pool-bar,Maji Pool Bar,wdw,ak-resort-area,,animal-kingdom-villas-kidani-village,lounge,quick,a-la-carte,african|american,1,FALSE,FALSE,FALSE,FALSE,open,28.35438222,-81.605477,,,,,https://disneyworld.disney.go.com/dining/animal-kingdom-villas-kidani/maji-pool-bar/menus/,"A secluded, open-air African retreat that serves refreshing specialty cocktails and unique African-inspired snacks right next to the savanna.",,animal-kingdom|ak-resort-area|animal-kingdom-villas-kidani-village|lounge|quick|bar|alcohol|cocktails|snacks|african|american,2026-10-05,
the-mara,The Mara,wdw,ak-resort-area,,animal-kingdom-lodge,restaurant,quick,a-la-carte,african|american,1,FALSE,FALSE,FALSE,FALSE,open,28.3527484,-81.60291359,https://disneyworld.disney.go.com/dining/animal-kingdom-lodge/mara/menus/dinner/,https://disneyworld.disney.go.com/dining/animal-kingdom-lodge/mara/menus/lunch/,https://disneyworld.disney.go.com/dining/animal-kingdom-lodge/mara/menus/breakfast/,https://disneyworld.disney.go.com/dining/animal-kingdom-lodge/mara/menus/snack/,https://disneyworld.disney.go.com/dining/animal-kingdom-lodge/mara/menus/late-night-dining/,"A savanna-themed, quick-service restaurant that serves both classic American favorites and unique African-inspired cuisine.",dinner|lunch|breakfast,animal-kingdom|ak-resort-area|animal-kingdom-lodge|restaurant|quick|snack|alcohol|late-night,2026-10-05,
mardi-grogs,Mardi Grogs,wdw,springs-resort-area,,port-orleans-french-quarter,lounge,quick,a-la-carte,american,1,FALSE,FALSE,FALSE,FALSE,open,28.38104932,-81.53612612,,,,,https://disneyworld.disney.go.com/dining/port-orleans-resort-french-quarter/mardi-grogs/menus/,"A festive, New Orleans-themed poolside bar that serves specialty frozen cocktails, Abita draft beers, and light snacks right by the Doubloon Lagoon pool.",,springs-resort-area|port-orleans-french-quarter|lounge|bar|snack|quick|cocktails|alcohol|fozen-cocktails|beer|pool-bar,2026-10-05,
muddy-rivers,Muddy Rivers,wdw,springs-resort-area,,port-orleans-riverside,lounge,quick,a-la-carte,american,1,FALSE,FALSE,FALSE,FALSE,open,28.38770861,-81.53617363,,,,,https://disneyworld.disney.go.com/dining/port-orleans-resort-riverside/muddy-rivers/menus/,"Rustic, Southern-style poolside bar, offering refreshing specialty cocktails and quick snacks in a relaxed, wooded setting.",,springs-resort-area|port-orleans-riverside|pool-bar|lounge|bar|alcohol|cocktails|snacks,2026-10-05,
river-roost,River Roost,wdw,springs-resort-area,,port-orleans-riverside,lounge,table,a-la-carte,american,2,FALSE,FALSE,FALSE,FALSE,open,28.38644055,-81.53692799,,,,,https://disneyworld.disney.go.com/dining/port-orleans-resort-riverside/river-roost/menus/,"Lively, rustic watering hole famous for its Southern-inspired cocktails and legendary, crowd-pleasing musical comedy shows by Yehaa Bob.",,springs-resort-area|port-orleans-riverside|bar|lounge|cocktails|music|comedy|alcohol,2026-10-05,
riverside-mill-food-court,Riverside Mill Food Court,wdw,springs-resort-area,,port-orleans-riverside,restaurant,quick,a-la-carte,american,1,FALSE,FALSE,FALSE,FALSE,open,28.38685275,-81.53685076,https://disneyworld.disney.go.com/dining/port-orleans-resort-riverside/riverside-mill-food-court/menus/lunch-and-dinner/,https://disneyworld.disney.go.com/dining/port-orleans-resort-riverside/riverside-mill-food-court/menus/lunch-and-dinner/,https://disneyworld.disney.go.com/dining/port-orleans-resort-riverside/riverside-mill-food-court/menus/breakfast/,,,"Charming, rustic quick-service cafeteria styled after a working Southern cotton mill and featuring a massive, functioning waterwheel.",dinner|lunch|breakfast,springs-resort-area|port-orleans-riverside|restaurant|quick|cafeteria,2026-10-05,
sanaa,Sanaa,wdw,ak-resort-area,,animal-kingdom-villas-kidani-village,restaurant,table,a-la-carte,african|indian,2,TRUE,FALSE,FALSE,FALSE,open,28.35426158,-81.6055174,https://disneyworld.disney.go.com/dining/animal-kingdom-villas-kidani/sanaa/menus/dinner/,https://disneyworld.disney.go.com/dining/animal-kingdom-villas-kidani/sanaa/menus/lunch/,,,,African-Asian fusion restaurant known for its vibrant flavors and up-close views of live savanna animals roaming just outside the windows.,dinner|lunch,animal-kingdom|ak-resort-area|animal-kingdom-villas-kidani-village|restaurant|reservations|african|indian|casual|alcohol|cocktails|wine,2026-10-05,
sanaa-lounge,Sanaa Lounge,wdw,ak-resort-area,,animal-kingdom-villas-kidani-village,lounge,table,a-la-carte,african|indian,1,FALSE,FALSE,FALSE,FALSE,open,28.35408456,-81.60551673,,,,,https://disneyworld.disney.go.com/dining/animal-kingdom-villas-kidani/sanaa-lounge/menus/,"Vibrant, intimate African-themed lounge where you can enjoy signature African wines, creative cocktails, and their famous Indian-style bread service while looking out at a live savanna filled with animals.",,animal-kingdom|ak-resort-area|animal-kingdom-villas-kidani-village|lounge|bar|alcohol|cocktails|wine|beer|african|indian|bread|appetizers|snacks,2026-10-05,
sassagoula-floatworks-and-food-factory,Sassagoula Floatworks and Food Factory,wdw,springs-resort-area,,port-orleans-french-quarter,restaurant,quick,a-la-carte,american,1,FALSE,FALSE,FALSE,FALSE,open,28.3808124,-81.53669156,https://disneyworld.disney.go.com/dining/port-orleans-resort-french-quarter/sassagoula-floatworks-and-food-factory/menus/lunch-and-dinner/,https://disneyworld.disney.go.com/dining/port-orleans-resort-french-quarter/sassagoula-floatworks-and-food-factory/menus/lunch-and-dinner/,https://disneyworld.disney.go.com/dining/port-orleans-resort-french-quarter/sassagoula-floatworks-and-food-factory/menus/breakfast/,,,Mardi Gras-themed quick-service food court that serves American classics alongside Cajun and Creole favorites.,dinner|lunch|breakfast,springs-resort-area|port-orleans-french-quarter|quick|restaurant|cajun|creole|mardi-gras|alcohol|american|food-court,2026-10-05,
scat-cats-club-cafe,Scat Cat's Club - Cafe,wdw,springs-resort-area,,port-orleans-french-quarter,snack,quick,a-la-carte,american,1,FALSE,FALSE,FALSE,FALSE,temporarily-closed,28.38053422,-81.53677518,,,,https://disneyworld.disney.go.com/dining/port-orleans-resort-french-quarter/scat-cats-club-cafe/menus/snack/,,"Casual, French Quarter-themed quick-service spot famous for serving specialty coffees and iconic, freshly made Mickey-shaped beignets. Temporarily closed, will re-open December 2026.",,springs-resort-area|port-orleans-french-quarter|snack|quick|beignets|coffee|cafe,2026-10-05,
scat-cats-club-lounge,Scat Cat's Club - Lounge,wdw,springs-resort-area,,port-orleans-french-quarter,lounge,table,a-la-carte,american,1,FALSE,FALSE,FALSE,FALSE,temporarily-closed,28.38056254,-81.53685029,,,,,https://disneyworld.disney.go.com/dining/port-orleans-resort-french-quarter/scat-cats-club/menus/,"Lively, New Orleans-style jazz venue that serves up Southern-inspired specialty cocktails, Creole-flavored appetizers, and live musical entertainment. Temporarily closed, will re-open January 2027.",,springs-resort-area|port-orleans-french-quarter|lounge|bar|music|entertainment|cocktails|alcohol|jazz,2026-10-05,
uzima-springs-pool-bar,Uzima Springs Pool Bar,wdw,ak-resort-area,,animal-kingdom-lodge,lounge,quick,a-la-carte,american,1,FALSE,FALSE,FALSE,FALSE,open,28.3523714,-81.6023782,,,,,https://disneyworld.disney.go.com/dining/animal-kingdom-lodge/uzima-springs-pool-bar/menus/,"Lush, tropical oasis located at Disney's Animal Kingdom Lodge, offering refreshing specialty cocktails and African beers alongside a massive, zero-entry pool.",,animal-kingdom|ak-resort-area|animal-kingdom-lodge|lounge|bar|pool-bar|alcohol|refreshments|beverages|cocktails|tropical|beers,2026-10-05,
victoria-falls-lounge,Victoria Falls Lounge,wdw,ak-resort-area,,animal-kingdom-lodge,lounge,table,a-la-carte,american,2,FALSE,FALSE,FALSE,FALSE,open,28.35268744,-81.60315193,,,,,https://disneyworld.disney.go.com/dining/animal-kingdom-lodge/victoria-falls-lounge/menus/,"Intimate, mezzanine-level hidden gem, perched above a cascading indoor waterfall and specializing in South African wines, unique cocktails, and light African-inspired bites.",,animal-kingdom|ak-resort-area|animal-kingdom-lodge|lounge|bar|cocktails|wines|beer|african|american|appetizers|snacks,2026-10-05,
capa,Capa,wdw,springs-resort-area,,four-seasons-resort-orlando,restaurant,table,a-la-carte,american|steakhouse,4,TRUE,FALSE,FALSE,TRUE,open,28.40278,-81.54611,https://disneyworld.disney.go.com/en_CA/dining/four-seasons/capa/menus/dinner/,,,,,"Michelin-recommended, 17th-floor rooftop Spanish steakhouse that pairs wood-fired prime cuts and tapas with panoramic views of the nightly Disney fireworks.",dinner|signature,four-seasons-resort-orlando|springs-resort-area|reservations|steakhouse|alcohol|signature-dining,2026-10-06,
ravello,Ravello,wdw,springs-resort-area,,four-seasons-resort-orlando,restaurant,table,a-la-carte|buffet,italian,3,TRUE,FALSE,FALSE,FALSE,open,28.402057,-81.545536,https://disneyworld.disney.go.com/en_CA/dining/four-seasons/ravello/menus/dinner/,,https://disneyworld.disney.go.com/en_CA/dining/four-seasons/ravello/menus/breakfast/,,,"Italian restaurant known for its vibrant open kitchen, authentic house-made pastas, and popular Disney character breakfasts.",breakfast|dinner,four-seasons-resort-orlando|springs-resort-area|reservations|alcohol,2026-10-06,
good-morning-breakfast-with-goofy-and-his-pals,Good Morning Breakfast with Goofy and His Pals,wdw,springs-resort-area,,four-seasons-resort-orlando,restaurant,table,prix-fixe|buffet,american,3,TRUE,FALSE,TRUE,FALSE,open,28.402057,-81.545536,,,https://disneyworld.disney.go.com/en_CA/dining/four-seasons/ravello/menus/breakfast/,,,"Upscale, magical character breakfast featuring classic Disney friends in custom attire paired with a delicious morning spread. Only open Thursdays, Saturdays, and select Tuesdays.",breakfast|character-dining,four-seasons-resort-orlando|springs-resort-area|reservations|alcohol,2026-10-06,
private-dining-at-disneys-grand-floridian-resort-and-spa,Private Dining at Disney's Grand Floridian Resort & Spa,wdw,mk-resort-area,,grand-floridian-resort-and-spa,restaurant,quick,a-la-carte,american,2,FALSE,FALSE,FALSE,FALSE,open,28.41130339,-81.58818699,https://disneyworld.disney.go.com/dining/grand-floridian-resort-and-spa/private-dining/menus/dinner/,,https://disneyworld.disney.go.com/dining/grand-floridian-resort-and-spa/private-dining/menus/breakfast/,,,Lets you enjoy a selection of distinctive breakfast or dinner dishes in the comfort and privacy of your own resort room.,dinner|breakfast,mk-resort-area|grand-floridian-resort-and-spa|room-service|private|alcohol|kids|family|casual,2026-10-07,
silver-screen-spirits-pool-bar,Silver Screen Spirits Pool Bar,wdw,ak-resort-area,,all-star-sports-resort,lounge,quick,a-la-carte,american,1,FALSE,FALSE,FALSE,FALSE,open,28.33619837,-81.57256436,,,,,https://disneyworld.disney.go.com/dining/all-star-movies-resort/silver-screen-spirits-pool-bar/menus/,"Casual poolside kiosk serving specialty cocktails, draft beer, and light snacks next to the Fantasia Pool.",,ak-resort-area|all-star-sports-resort|lounge|bar|pool-bar|alcohol|beer|cocktails|quick|snacks|refreshments|beverages,2026-10-07,
singing-spirits-pool-bar,Singing Spirits Pool Bar,wdw,ak-resort-area,,all-star-music-resort,lounge,quick,a-la-carte,american,1,FALSE,FALSE,FALSE,FALSE,open,28.33989604,-81.57310306,,,,,https://disneyworld.disney.go.com/dining/all-star-music-resort/singing-spirits-pool-bar/menus/,"Casual, open-air poolside kiosk serving cocktails, beer, wine, and light snacks near the guitar-shaped Calypso Pool.",,ak-resort-area|all-star-music-resort|lounge|bar|pool-bar|cocktails|alcohol|beer|guitar|music|wine|refreshments|beverages|snacks|quick,2026-10-07,
spice-road-table-dining-package,Spice Road Table Dinging Pakcage,wdw,epcot,morocco,,event,table,prix-fixe,mediterranean,4,TRUE,FALSE,FALSE,FALSE,open,28.36869073,-81.55163796,,,,,,Reserved waterfront seating and a Mediterranean fixed-price meal with unlimited drinks during the nighttime show.,,epcot|mediterranean|morocco|spice-road-table|fireworks|event|nighttime|prix-fixe|waterfront|reservations|restaurant,2026-10-07,
end-zone-food-court,End Zone Food Court,wdw,ak-resort-area,,all-star-sports-resort,restaurant,quick,a-la-carte,american,1,FALSE,FALSE,FALSE,FALSE,open,28.3392,-81.5881,https://disneyworld.disney.go.com/en_CA/dining/all-star-sports-resort/end-zone-food-court/menus/lunch-and-dinner/,https://disneyworld.disney.go.com/en_CA/dining/all-star-sports-resort/end-zone-food-court/menus/lunch-and-dinner/,https://disneyworld.disney.go.com/en_CA/dining/all-star-sports-resort/end-zone-food-court/menus/breakfast/,,,"Food hall eatery that serves convenient American favorites like burgers, pizza, and breakfast foods in a lively, sports-themed dining room.",dinner|lunch|breakfast,all-star-sports-resort|ak-resort-area|alcohol,2026-10-07,
summer-house-on-the-lake,Summer House on the Lake,wdw,disney-springs,west-side,,restaurant,table,a-la-carte,american,2,TRUE,FALSE,FALSE,FALSE,open,28.37066585,-81.52069746,https://disneyworld.disney.go.com/dining/disney-springs/summer-house-on-the-lake/menus/dinner/,https://disneyworld.disney.go.com/dining/disney-springs/summer-house-on-the-lake/menus/lunch/,https://disneyworld.disney.go.com/dining/disney-springs/summer-house-on-the-lake/menus/brunch/,,,"Bright, California-inspired restaurant known for its breezy beach-house vibe, diverse upscale-casual menu, and signature Cookie Bar.",,disney-springs|west-side|events|reservations|casual|restaurant|cookie-bar|alcohol|american|unique|seasonal,2026-10-07,
grandstand-spirits,Grandstand Spirits,wdw,ak-resort-area,,all-star-sports-resort,kiosk,quick,a-la-carte,american,1,FALSE,FALSE,FALSE,FALSE,open,28.343789,-81.575275,,,,,https://disneyworld.disney.go.com/en_CA/dining/all-star-sports-resort/grandstand-spirits-pool-bar/menus/pool-bar/,"Walk-up pool bar offering a selection of specialty cocktails, frozen drinks, beer, and light snacks for poolside relaxation.",,pool-bar|lounge|alcohol|refreshments|all-star-sports-resort|ak-resort-area|lite-bites,2026-10-07,
tiffins-restaurant,Tiffins Restaurant,wdw,animal-kingdom,discovery-island,,restaurant,table,a-la-carte,african|asian|latin,3,TRUE,FALSE,FALSE,TRUE,open,28.35701299,-81.59148823,https://disneyworld.disney.go.com/dining/animal-kingdom/tiffins/menus/dinner/,https://disneyworld.disney.go.com/dining/animal-kingdom/tiffins/menus/lunch/,,,,"Signature dining location that celebrates the spirit of world travel with an upscale menu of global African, Asian, and Latin American-inspired cuisine.",dinner|lunch|signature,animal-kingdom|discovery-island|african|latin|asian|reservations|restaurant|alcohol|cocktails|beer|wine,2026-10-07,
tomorrowland-terrace-restaurant,Tomorrowland Terrace Restaurant,wdw,magic-kingdom,tomorrowland,,event,table,a-la-carte,american,1,TRUE,FALSE,FALSE,FALSE,seasonal,28.41815121,-81.58057462,,,,,,"Futuristic, open-air quick-service eatery known for its classic American theme park fare and stunning, covered views of Cinderella Castle. Temporary closed, and primarily opened/utilized for special events.",,magic-kingdom|tomorrowland|events|seasonal|reservations|futuristic|scenic,2026-10-07,
intermission-food-court,Intermission Food Court,wdw,ak-resort-area,,all-star-music-resort,restaurant,quick,a-la-carte,american,1,FALSE,FALSE,FALSE,FALSE,open,28.339424,-81.574598,https://disneyworld.disney.go.com/en_CA/dining/all-star-music-resort/intermission-food-court/menus/,https://disneyworld.disney.go.com/en_CA/dining/all-star-music-resort/intermission-food-court/menus/,https://disneyworld.disney.go.com/en_CA/dining/all-star-music-resort/intermission-food-court/menus/breakfast/,,,"Spacious, music-themed food hall serving american classics like burgers, pizza, and bakery treats from morning until late night.",dinner|lunch|breakfast,all-star-music-resort|ak-resort-area|alcohol,2026-10-07,
turtle-shack-poolside-snacks,Turtle Shack Poolside Snacks,wdw,springs-resort-area,,old-key-west-resort,lounge,quick,a-la-carte,american,1,FALSE,FALSE,FALSE,FALSE,open,28.37080696,-81.53483153,,https://disneyworld.disney.go.com/dining/old-key-west-resort/turtle-shack-poolside-snacks/menus/lunch/,,,,"Casual, seasonal quick-service pool bar offering pizza, sandwiches, salads, and drinks by the Turtle Pond pool.",lunch,springs-resort-area|old-key-west-resort|pool-bar|quick|lounge|bar|alcohol|cocktails|beer|refreshments|beverages|snacks|salads,2026-10-07,
world-premiere-food-court,World Premiere Food Court,wdw,ak-resort-area,,all-star-movies-resort,restaurant,quick,a-la-carte,american,1,FALSE,FALSE,FALSE,FALSE,open,28.336309,-81.573273,https://disneyworld.disney.go.com/en_CA/dining/all-star-movies-resort/world-premiere-food-court/menus/lunch-and-dinner/,https://disneyworld.disney.go.com/en_CA/dining/all-star-movies-resort/world-premiere-food-court/menus/lunch-and-dinner/,https://disneyworld.disney.go.com/en_CA/dining/all-star-movies-resort/world-premiere-food-court/menus/breakfast/,,,"Cinema-themed, budget-friendly restaurant serving classic American comfort food like burgers, pizza, pasta, and breakfast food.",dinner|lunch|breakfast,all-star-movies-resort|ak-resort-area|alcohol,2026-10-07,
bourbon-steak-lounge,Bourbon Steak Lounge,wdw,epcot-resort-area,,dolphin-hotel,lounge,table,a-la-carte,american,3,FALSE,FALSE,FALSE,FALSE,open,28.36759655,-81.56045807,,,,,https://disneyworld.disney.go.com/dining/dolphin-hotel/bourbon-steak-lounge/menus/lounge/,"Chic, upscale lounge by Michael Mina offering signature cocktails, fine wines, and premium steakhouse bites in a sophisticated atmosphere.",,epcot-resort-area|dolphin-hotel|bourbon|lounge|bar|sophisticated|whiskey-library|wine|cocktails,2026-10-07,
chip-n-dale-deli-at-disneys-palm-magnolia-oak-trail-golf-course,"Chip 'n' Dale's Cafe at Disney's Palm, Magnolia, and Oak Trail Golf Course",wdw,mk-resort-area,,polynesian-village-resort,snack,quick,a-la-carte,american,1,FALSE,FALSE,FALSE,FALSE,open,28.40287458,-81.59260576,,https://disneyworld.disney.go.com/dining/polynesian-resort/chip-n-dales-deli/menus/lunch/,,,,"Casual, counter-service golf course kiosk at Walt Disney World offering sandwiches, wraps, hot dogs, and drinks with a covered patio.",,mk-resort-area|polynesian-village-resort|snack|quick|golf-course|glizzy|hot-dog|wraps|alcohol|refreshments|beverages|sandwiches,2026-10-07,
food-by-swedish-chef,Food by Swedish Chef,wdw,hollywood-studios,sunset-blvd,,food-truck,snack,a-la-carte,american,1,FALSE,FALSE,FALSE,FALSE,open,28.359358,-81.560679,,,,,,"Snack truck that creates playful, Muppet-inspired lineup of colorful snacks and sweet, whimsical specialty beverages.",,hollywood-studios|sunset-blvd|muppets|snacks|beverages,2026-10-07,
jaleo-by-jose-andres,Jaleo by Jose Andres,wdw,disney-springs,,,restaurant,table,a-la-carte,seafood|spanish|,2,TRUE,FALSE,FALSE,TRUE,open,28.3732,-81.5173,https://disneyworld.disney.go.com/en_CA/dining/disney-springs/jaleo/menus/dinner/,https://disneyworld.disney.go.com/en_CA/dining/disney-springs/jaleo/menus/lunch/,,,,"Vibrant, multi-level restaurant that dishes up authentic Spanish tapas and wood-fired paellas in a lively atmosphere.",dinner|lunch|signature,reservations|disney-springs|alcohol|signature-dining|spanish,2026-10-07,
